,2.0,4.0,5.0,8.0,mean_2_4_8,diff_5_vs_mean
PZ16a,1.0,1.0,1.0,1.0,1.0,0.0
PZ16b,1.0,1.0,0.9990842490842491,1.0,1.0,-0.0009157509157509125
CR1117,,1.0,1.0,1.0,1.0,0.0
PZ1,,1.0,0.9791666666666667,,1.0,-0.02083333333333326
PZ15noend,,1.0,1.0,0.9956293706293706,0.9978146853146853,0.0021853146853146876
PZ18,,0.9887005649717514,1.0,0.9982174688057042,0.9934590168887278,0.006540983111272158
PZ21,,1.0,1.0,1.0,1.0,0.0
PZ25,,1.0,1.0,1.0,1.0,0.0
PZ33,,0.9984639016897081,0.9932249322493225,0.9991319444444444,0.9987979230670763,-0.0055729908177537535
PZ39,,1.0,0.9934640522875817,0.9952279957582184,0.9976139978791092,-0.004149945591527482
PZ4,,0.8236607142857143,1.0,1.0,0.9118303571428572,0.0881696428571428
CR1107,,,1.0,0.9996362975086379,0.9996362975086379,0.00036370249136208344
CR1108,,,0.9919354838709677,0.9965622612681437,0.9965622612681437,-0.004626777397175985
CR1116,,,1.0,1.0,1.0,0.0
CR1128,,,0.9852941176470589,1.0,1.0,-0.014705882352941124
PZ11,,,0.6415094339622642,0.6497252747252747,0.6497252747252747,-0.008215840763010518
PZ14Bound,,,1.0,0.997979797979798,0.997979797979798,0.002020202020202033
PZ15reconstruct,,,1.0,0.998015873015873,0.998015873015873,0.001984126984126977
PZ20,,,1.0,1.0,1.0,0.0
PZ24,,,1.0,1.0,1.0,0.0
PZ29,,,1.0,0.9935064935064936,0.9935064935064936,0.00649350649350644
PZ31,,,1.0,1.0,1.0,0.0
PZ32,,,1.0,0.9934065934065934,0.9934065934065934,0.00659340659340657
PZ8,,,1.0,1.0,1.0,0.0
CR1136,,,,1.0,1.0,
CR1138,,,,0.9767441860465116,0.9767441860465116,
CR1149,,,,0.9887218045112782,0.9887218045112782,
CR1156,,,,1.0,1.0,
PZ10,,,,1.0,1.0,
PZ10tBox,,,,0.9791666666666667,0.9791666666666667,
PZ11NMR,,,,0.9807692307692308,0.9807692307692308,
PZ13,,,,1.0,1.0,
PZ14Free,,,,0.9873015873015872,0.9873015873015872,
PZ15,,,,0.9999999999999999,0.9999999999999999,
PZ17,,,,1.0,1.0,
PZ19,,,,1.0,1.0,
PZ28tBox,,,,1.0,1.0,
PZ3,,,,1.0,1.0,
PZ30,,,,1.0,1.0,
PZ35,,,,1.0,1.0,
PZ37,,,,0.9978902953586498,0.9978902953586498,
PZ38,,,,0.9726027397260274,0.9726027397260274,
PZ9,,,,0.989010989010989,0.989010989010989,
