metric,orientation,pearson_coef,pearson_pvalue,spearman_coef,spearman_pvalue,kendall_coef,kendall_pvalue,n_models
Clash_Score,False,0.13341129364988918,0.1187706924889037,0.23759816624801014,0.005015166532043703,0.15309184965890085,0.008514513797944451,138
DI_all,False,0.7618712101155869,1.9938703527778e-27,0.6858204874422394,1.6824852621578367e-20,0.5198792955562195,1.5941491941913886e-19,138
INF_all,True,0.886094310480904,2.9473743950379723e-47,0.697197997777349,2.129877294013073e-21,0.5096031575086113,9.414211323941294e-19,138
INF_stacking,True,0.7881414631106223,1.8634703536306522e-30,0.7200021944240795,2.4925762775442358e-23,0.526859459430071,6.441233411302158e-20,138
INF_wc,True,0.8567714367869155,3.321310753511328e-39,0.5032057491785565,7.777527256233872e-10,0.3647397373445477,6.79672821437023e-10,132
mcq,False,0.6060744394479345,3.363655797875314e-15,0.5703148456777377,2.8397252159374056e-13,0.4140451432424863,6.218622521677059e-13,138
P-value,False,0.624493316565642,2.7344688928130695e-16,0.5276415304634636,2.93871851153974e-11,0.41111400161076184,5.6936547673228784e-11,138
RMSD,False,0.6622786460398917,9.103977185779119e-19,0.5847550116443673,5.054299267356913e-14,0.429161372299873,8.613664656770554e-14,138
TM-score,True,0.7925179683717203,5.293117889367303e-31,0.7922261513142345,5.76190993873219e-31,0.6139739218844003,1.8143295073699483e-26,138
