metric,orientation,pearson_coef,pearson_pvalue,spearman_coef,spearman_pvalue,kendall_coef,kendall_pvalue,n_models
Clash_Score,False,-0.30844627767848287,0.00033798825737344705,-0.16528750539767467,0.05920484448384315,-0.1129462796935689,0.05926270726743188,131
DI_all,False,0.31664828570320047,0.0002289253297771579,0.9383444795996757,2.3199646471008935e-61,0.7891694250298698,1.9533746961819076e-40,131
INF_all,True,0.6453085467745026,8.807088572069998e-17,0.8096660127092663,1.2013668433525218e-31,0.5963259477844682,9.636196130121547e-24,131
INF_nwc,True,0.19777493863831136,0.6387284585527749,0.0,1.0,-0.04583492485141056,0.884836122122616,8
INF_stacking,True,0.3995630009495688,2.2692933272328554e-06,0.504698767116201,7.909110975417078e-10,0.3486050001250833,4.566265315191251e-09,131
INF_wc,True,0.7612732250014129,2.5178502936804877e-24,0.9349407264881223,7.740373330927482e-56,0.7835953450252053,5.0351778414916975e-36,122
mcq,False,0.22153110413990457,0.010993148983560578,-0.021417072253270643,0.8081540680401584,-0.010739997938759717,0.8562780742987802,131
P-value,False,0.4710805541379769,1.3581307987002271e-08,0.9234016773314558,1.715925985022458e-55,0.7685818263877513,8.526165415976267e-37,131
RMSD,False,0.6438726995179975,1.0826237332834666e-16,0.9304976732919218,4.085097118157216e-58,0.7849430658537985,5.214204132744771e-40,131
TM-score,True,0.8453378235281108,6.232022500019581e-37,0.7670247031312151,1.2512382549940434e-26,0.5871167621051877,4.7757125689729576e-23,131
