metric,orientation,pearson_coef,pearson_pvalue,spearman_coef,spearman_pvalue,kendall_coef,kendall_pvalue,n_models
Clash_Score,False,-0.08196599160479595,0.29676080419856465,0.04457811487693943,0.5708543181831567,0.03710711687507742,0.4882765375230944,164
DI_all,False,0.37246948796895474,9.045502283590557e-07,0.9643495785947502,1.9056264771615226e-95,0.8434701196266741,1.1959245210422051e-57,164
INF_all,True,0.5541624477466482,1.3855051066202878e-14,0.722987700158233,8.246608500566742e-28,0.5404381461563152,1.3749520794044948e-24,164
INF_stacking,True,0.3778366090435601,6.106801585223588e-07,0.46549427886736044,3.375609592955595e-10,0.3114774318493127,3.6828191461319087e-09,164
INF_wc,True,0.6170292455973196,9.722541853160636e-18,0.8430539122206455,2.5102131073890196e-43,0.665691974865392,2.951878360673059e-34,156
mcq,False,0.17210921663866097,0.02754645545301165,0.08247323106895892,0.2937714711671244,0.05489109134988584,0.2978835157314851,164
P-value,False,0.4978844281101412,1.1763271974910825e-11,0.944501411759561,3.1717288610332003e-80,0.8016792344450516,5.1614066017787265e-49,164
RMSD,False,0.7295554251637426,1.5929061412877182e-28,0.9551201475760971,1.6497364812001786e-87,0.8258881819669281,2.4278470046069478e-55,164
TM-score,True,0.881523868524449,1.1217865626393237e-54,0.8714122084507168,5.5764567811004596e-52,0.6816589829258648,3.856964265122579e-38,164
