metric,orientation,pearson_coef,pearson_pvalue,spearman_coef,spearman_pvalue,kendall_coef,kendall_pvalue,n_models
Clash_Score,False,0.16529558016611628,0.05097188950343248,0.14984878356703626,0.07720638661193223,0.09388051715418451,0.10283545316513532,140
DI_all,False,0.6043412717312654,2.6625848303650622e-15,0.8256316718390162,4.090376086379216e-36,0.6541679578555933,3.664958403135812e-30,140
INF_all,True,0.6785596018468931,3.21093159922923e-20,0.9121632119455078,2.5669307822048474e-55,0.7381327434576145,7.478999531269893e-38,140
INF_stacking,True,0.6470715103952409,5.749074520521634e-18,0.8920687244557763,1.887269365359211e-49,0.7095280017483903,4.3057529355626783e-35,140
INF_wc,True,0.6605778448396644,1.197936603897907e-18,0.9047572853355588,2.929552388983719e-52,0.7508405188879397,1.6870323732090542e-38,138
mcq,False,0.5077402391670985,1.5240284993148935e-10,0.5930567356862454,1.1597555467007334e-14,0.4418496801500083,1.3079073645634506e-14,140
P-value,False,0.1976371833812396,0.019250424900038934,0.1518673741423308,0.0732590657034567,0.1228952640327426,0.05464278493763542,140
RMSD,False,0.4922294008944543,6.539506023659148e-10,0.23796963951019046,0.004636775086127284,0.17012705299039355,0.00299999732307274,140
TM-score,True,0.917065047717597,5.795168016573664e-57,0.706507892639532,1.8141089850223505e-22,0.5393863126254546,5.966514889786995e-21,140
