metric,orientation,pearson_coef,pearson_pvalue,spearman_coef,spearman_pvalue,kendall_coef,kendall_pvalue,n_models
Clash_Score,False,-0.14239505783148193,0.05654014233463776,-0.005730623532088584,0.9391411448676636,-0.006811413974375495,0.8935533324767606,180
DI_all,False,0.3294824150526481,6.289029769811216e-06,0.9510239612007079,1.0954465615669101e-92,0.8074971298689222,6.126622050354313e-58,180
INF_all,True,0.6670077627847046,1.5780209642730397e-24,0.8364370709071708,2.3146204114838583e-48,0.6334519941481447,3.405822673693184e-36,180
INF_stacking,True,0.4237372751196101,3.0839056102987413e-09,0.5375235588652125,7.24581073860338e-15,0.37267817733907466,1.5891548575029464e-13,180
mcq,False,0.2542408313475816,0.0005731703141793918,0.059980264506578757,0.4238070518628997,0.05357254262118203,0.2872750991158064,180
P-value,False,0.4699570260143774,2.816609768749247e-11,0.9218413950001978,3.442190978360443e-75,0.7658897196796581,4.226176997606973e-50,180
RMSD,False,0.6712796594167093,6.241090324184819e-25,0.9273743879016415,6.418703556418771e-78,0.7783036507805543,6.052409882312174e-54,180
TM-score,True,0.8497996223951972,2.206471969542453e-51,0.776676282108283,1.4277357693430493e-37,0.5931925467569779,6.14940749372664e-32,180
