metric,orientation,pearson_coef,pearson_pvalue,spearman_coef,spearman_pvalue,kendall_coef,kendall_pvalue,n_models
Clash_Score,False,0.25665243148647243,0.0032028877612969853,0.2849903178455435,0.0010146427443360345,0.18851454081038063,0.0015837937288001285,130
DI_all,False,0.20255193427355217,0.020824407932987916,0.9382496510392341,7.410708967832719e-61,0.788906193842099,4.198909524100549e-40,130
INF_all,True,0.541047702859933,3.019056848172807e-11,0.8901679644964925,1.584263822278895e-45,0.7214265181072034,1.0188067103222726e-33,130
INF_stacking,True,0.49835537611275876,1.603477287143802e-09,0.8157018427999505,3.2098495559478483e-32,0.6503069300276985,1.040496567028236e-27,130
mcq,False,0.41795858523712015,7.504065111080909e-07,0.585320880934744,2.6000281805241695e-13,0.43705051365726805,2.1736818965397198e-13,130
P-value,False,0.2336053391099112,0.007475114785803633,0.45025300762234327,7.666105620018485e-08,0.36531779918469093,1.3026589778851476e-07,130
RMSD,False,0.4069282993925774,1.5515524668643423e-06,0.7216617907765095,3.4630101809933523e-22,0.5636755720618187,2.7713448011181667e-21,130
TM-score,True,0.9535449538105152,1.481209299235173e-68,0.8572966127009506,1.0124048351937538e-38,0.6890972931230454,6.194548260059436e-31,130
