metric,orientation,pearson_coef,pearson_pvalue,spearman_coef,spearman_pvalue,kendall_coef,kendall_pvalue,n_models
Clash_Score,False,-0.009092791400323305,0.9135623643250202,-0.12378149040649596,0.13798499142941767,-0.06605404502260268,0.24550693980411453,145
DI_all,False,0.7739271942646111,3.634911576575517e-30,0.8718652754896576,3.531306514096826e-46,0.70578639286057,2.9402812419416923e-36,145
INF_all,True,0.8020955553107073,7.98596067604912e-34,0.7931935166235354,1.3169344917480676e-32,0.5865120623459164,1.6749959391175935e-25,145
INF_stacking,True,0.6638531719074595,9.000473541118444e-20,0.6871385559292746,1.3871751345332532e-21,0.49709245160764615,9.64673103619102e-19,145
mcq,False,0.43894500565285666,3.337253771754876e-08,0.4173166120729548,1.770737401224415e-07,0.2954643795266775,1.4242174923817253e-07,145
P-value,False,0.6019534309911294,1.1656486525962161e-15,0.6860363228243814,1.7049897484720934e-21,0.5230425089467853,7.551083414465519e-19,145
RMSD,False,0.6514838788431752,7.121762178018105e-19,0.7456122222025395,5.506632236670216e-27,0.5608866711448037,1.6453003196172538e-23,145
TM-score,True,0.792467736018606,1.645007827811527e-32,0.6390734891881468,5.1636383342933155e-18,0.47760786797900784,2.1151639835788282e-17,145
