metric,orientation,pearson_coef,pearson_pvalue,spearman_coef,spearman_pvalue,kendall_coef,kendall_pvalue,n_models
Clash_Score,False,0.5069321724383988,0.008217210153200073,0.29845801693432294,0.13860844268795308,0.1478345633644399,0.29810186674786177,26
DI_all,False,0.931236980942258,5.176228261717733e-12,0.7702564102564102,4.1802705025448924e-06,0.5692307692307692,1.796817515501251e-05,26
INF_all,True,0.9485929069582554,1.7271112648780012e-13,0.7416455293516435,1.453556469779963e-05,0.5047914923262811,0.00036806594389584424,26
INF_stacking,True,0.861915914250355,1.5398457379793477e-08,0.7377470323034447,1.701425127112587e-05,0.519638814750398,0.0002409388062486375,26
INF_wc,True,0.6761419179999721,0.000149685221310378,0.6327806381617476,0.0005223626398790697,0.4495090159692748,0.0020127228388902105,26
mcq,False,0.5670686262561386,0.002520581733674995,0.7449572649572649,1.2688144528397233e-05,0.52,0.00011041937521594675,26
P-value,False,0.27719891818816256,0.1703841310529597,0.28,0.1659288821288708,0.23297408241459622,0.16151331846754213,26
RMSD,False,0.9104850183714404,1.0993246936732227e-10,0.7649170910221759,5.343944027756923e-06,0.5485368607116156,8.696442972341884e-05,26
TM-score,True,0.9370125690329627,1.8616970472122987e-12,0.7841132403430708,2.141779926956863e-06,0.5723511799990026,4.8263612632733e-05,26
