metric,orientation,pearson_coef,pearson_pvalue,spearman_coef,spearman_pvalue,kendall_coef,kendall_pvalue,n_models
Clash_Score,False,0.5457285290481566,0.003930060582988793,0.31791776650925235,0.11348469697072353,0.15651771528626446,0.2690667963767893,26
DI_all,False,0.8552179444138996,2.621826538118291e-08,0.8475213675213674,4.681708129452389e-08,0.68,1.0318341390342641e-07,26
INF_all,True,0.9185679642064518,3.684905464076049e-11,0.7838444782990684,2.170729280670459e-06,0.5869819979583499,3.0112240909465837e-05,26
INF_stacking,True,0.9326412411889531,4.07073894043677e-12,0.7971956690558729,1.0881313756976693e-06,0.5895089806736045,2.531386011970304e-05,26
INF_wc,True,0.5671894993931182,0.002514036154523366,0.48723780256341986,0.011583537158729772,0.3944246425213864,0.005342983891475136,26
mcq,False,0.48088704723706843,0.012886699232786724,0.6225641025641024,0.0006827107582302818,0.42153846153846153,0.0021585006151530464,26
P-value,False,0.2869430331794591,0.15524068235664726,0.6171445108012991,0.0007839604991196485,0.5203768084686546,0.0010600090042732918,26
RMSD,False,0.7170047218219358,3.76491387257835e-05,0.7914529914529914,1.4733788631044062e-06,0.6000000000000001,5.051627829856436e-06,26
TM-score,True,0.6614733936549757,0.00023355598903511738,0.5468859829661515,0.003839348235450203,0.42171809760330875,0.002684009935133568,26
