metric,orientation,pearson_coef,pearson_pvalue,spearman_coef,spearman_pvalue,kendall_coef,kendall_pvalue,n_models
Clash_Score,False,0.5283053131682105,0.005531601160837459,0.24414430173886167,0.22937725434086725,0.07396002616336389,0.5967182084263597,26
DI_all,False,0.9248032180416799,1.4638741399324272e-11,0.8290598290598289,1.6683063200860028e-07,0.6184615384615385,2.231586595923824e-06,26
INF_all,True,0.956335168349205,2.535448648407436e-14,0.7871431128891591,1.8385362368334963e-06,0.5855168737932974,2.8029466834502914e-05,26
INF_stacking,True,0.9596159011653729,1.0101034113464883e-14,0.8190834952332973,3.11951963731981e-07,0.6450648008417975,4.047586234324508e-06,26
INF_wc,True,0.6091212232905945,0.0009576928307543946,0.601061530084351,0.0011648176331994758,0.4441186545399156,0.0015936934325634278,26
mcq,False,0.48088704723706843,0.012886699232786724,0.6225641025641024,0.0006827107582302818,0.42153846153846153,0.0021585006151530464,26
P-value,False,,,,,,,26
RMSD,False,0.8819234380661869,2.6206634252096834e-09,0.8632478632478632,1.3806537550597855e-08,0.7107692307692308,1.746996248978946e-08,26
TM-score,True,0.689135202389552,9.883368421628642e-05,0.650120431544994,0.0003243254398982781,0.5497132996752802,9.293904187102459e-05,26
