metric,orientation,pearson_coef,pearson_pvalue,spearman_coef,spearman_pvalue,kendall_coef,kendall_pvalue,n_models
Clash_Score,False,0.027048490232283753,0.8475420128715261,-0.019384568712594592,0.8904225242528443,-0.02804832140927769,0.7702098934652821,53
DI_all,False,0.42532896979036144,0.0014991390936128937,0.4260603128527657,0.0014682095910050139,0.3033381712626996,0.0013442860863147313,53
INF_all,True,0.5215598844956385,6.207948725286972e-05,0.5359411415089617,3.5370248618272937e-05,0.354829807106083,0.00018623746963525762,53
INF_nwc,True,-0.8545621558381418,0.34765114153275745,-1.0,0.0,-1.0,0.3333333333333333,3
INF_stacking,True,0.3090714694922109,0.024330621677824925,0.26807285154806565,0.05228882946523321,0.18314758010156226,0.05407038899947099,53
INF_wc,True,0.5846407971703063,4.291283012342643e-06,0.6040217585108092,1.6794586701757648e-06,0.40977641037511836,1.9325607479199487e-05,53
mcq,False,0.32078475418127617,0.019184579865754857,0.36953717142396386,0.006464325776591553,0.24528301886792453,0.009522647458147121,53
P-value,False,0.163640886960886,0.2416675856845371,0.3082446311387783,0.024734023062845674,0.21363710582384737,0.024521302736415836,53
RMSD,False,0.33587211869995726,0.01394137946947797,0.3045476536042574,0.02660712531681918,0.2075471698113208,0.028248280397389403,53
TM-score,True,0.24272267995499464,0.07991065802895522,0.35833232793102526,0.008423296410868607,0.24872786474140737,0.008694370999249489,53
