metric,orientation,pearson_coef,pearson_pvalue,spearman_coef,spearman_pvalue,kendall_coef,kendall_pvalue,n_models
Clash_Score,False,0.4306327351076636,0.0016082756980228497,0.36290342732577824,0.008863105869628263,0.24255662288278904,0.013339573644650616,51
DI_all,False,0.7473220422837992,2.989905369322219e-10,0.8493212669683259,3.360456723264455e-15,0.6878431372549021,1.0546559244663598e-12,51
INF_all,True,0.29423979207069517,0.03609621471844623,0.2929622161457393,0.036949705669766846,0.19992254486298167,0.039046192923167224,51
INF_stacking,True,0.1971432334593886,0.16555381932629099,0.13297427373458573,0.3522551937127111,0.09295085264640782,0.3376752044569832,51
INF_wc,True,0.2535577207711126,0.07259965329751358,0.22305790068730755,0.11563636767788983,0.15025219355000335,0.12420404340402272,51
mcq,False,-0.10192290790899078,0.4766586887177422,-0.12027149321266968,0.4005302628830474,-0.10745098039215688,0.2658188554259163,51
P-value,False,0.24835944377082278,0.07886330319605232,0.881021499088006,1.5095311239150868e-17,0.7047786654537929,3.699277971135719e-13,51
RMSD,False,0.7804181518910835,1.458446294976101e-11,0.8807239819004524,1.5990871443031628e-17,0.7050980392156864,2.838000713191288e-13,51
TM-score,True,0.44653118541016296,0.0010215286588331467,0.42132416553385693,0.00207706769099022,0.2869504836135413,0.0030249214912753063,51
