metric,orientation,pearson_coef,pearson_pvalue,spearman_coef,spearman_pvalue,kendall_coef,kendall_pvalue,n_models
Clash_Score,False,0.058066189874643875,0.6796088403628657,0.030046081504521618,0.8308815759421099,0.02804832140927769,0.7702098934652821,53
DI_all,False,0.7650232035808995,2.5703524808081847e-11,0.8721174004192871,1.8667806528690026e-17,0.6850507982583455,4.4491751480785725e-13,53
INF_all,True,0.4436974139997403,0.0008754976617712286,0.5376673936875429,3.300349163912996e-05,0.35680942896280454,0.00017493755815311914,53
INF_stacking,True,0.14779035590467005,0.2909284499844953,0.25599035949911036,0.06429048429847124,0.1624046728170197,0.08834371227618008,53
INF_wc,True,0.5782514816652883,5.770557485116739e-06,0.6000453076525976,2.0461920016291503e-06,0.4195636997866752,1.263667738305631e-05,53
mcq,False,0.013527736835843358,0.92340986450665,0.06982885481290584,0.6192969934244024,0.05154265312318832,0.586003943404765,53
P-value,False,0.30449962015813237,0.026632222856872594,0.887633760249252,8.370068993536787e-19,0.710075776332455,8.785495426352753e-14,53
RMSD,False,0.7892242091366231,2.209904754108045e-12,0.8867924528301886,1.0018269972362627e-18,0.7039187227866474,1.0024288330507337e-13,53
TM-score,True,0.5573602664413735,1.4569924568336656e-05,0.660644813312813,7.324557342727424e-08,0.4690489951254678,7.753036156157669e-07,53
