metric,orientation,pearson_coef,pearson_pvalue,spearman_coef,spearman_pvalue,kendall_coef,kendall_pvalue,n_models
Clash_Score,False,0.07272398443537093,0.6120494753268553,-0.3140671791378109,0.024806109265174202,-0.2685060179417387,0.005593422533381782,51
DI_all,False,0.7261594227408987,1.6346933986900713e-09,0.8139366515837103,3.825857367148998e-13,0.6094117647058824,2.7731338987622473e-10,51
INF_all,True,0.655685227130163,1.7686334509942358e-07,0.6115826186332196,1.863814963663097e-06,0.43639637598398245,6.746393508841087e-06,51
INF_stacking,True,0.7511235801079477,2.164827450602035e-10,0.7223391807850468,2.184771296903659e-09,0.5324981049912855,3.954992546068653e-08,51
INF_wc,True,0.4363826385378189,0.0013682437782523047,0.09461912479090141,0.5089663181075441,0.06587768424167437,0.4996631390849179,51
mcq,False,0.655645628667646,1.7726829499598242e-07,0.6237527448358159,1.0091222672105404e-06,0.4491561812180735,3.378357566202004e-06,51
P-value,False,0.4079550817483203,0.0029623428846677928,0.7665547440047396,5.488321780571556e-11,0.5887868621498341,1.4996607223540193e-08,51
RMSD,False,0.7987030378736899,2.1779554511606107e-12,0.7924886877828055,4.245498717650581e-12,0.5874509803921569,1.1756041542551821e-09,51
TM-score,True,0.8449337264050236,6.436608025689843e-15,0.8377081962028278,1.798977902763911e-14,0.649098415107812,2.0475305115028448e-11,51
