metric,orientation,pearson_coef,pearson_pvalue,spearman_coef,spearman_pvalue,kendall_coef,kendall_pvalue,n_models
Clash_Score,False,0.05503153451540952,0.6898539557640501,0.03168012077212089,0.8183970075143123,0.038242053397408146,0.6838531634467437,55
DI_all,False,0.6673461644347496,2.633531548320501e-08,0.8930014430014432,5.104257658602552e-20,0.7400673400673402,1.4844111153909565e-15,55
INF_all,True,0.6287388937946539,2.7446793680022826e-07,0.6865111670652021,7.206830635537786e-09,0.5084420975590422,4.559576935476082e-08,55
INF_stacking,True,0.539737239199729,2.1137954514341876e-05,0.6365621009723953,1.752255104383461e-07,0.46284047914650184,6.55233025925756e-07,55
INF_wc,True,0.6477066854765713,9.043291680240436e-08,0.7402090580171031,1.0606625658944963e-10,0.5788519912313982,7.919895594225437e-10,55
mcq,False,0.3724885344828017,0.005101521756818149,0.3246811811708053,0.015584075659198454,0.22499159241836683,0.015318919902910195,55
P-value,False,0.5540583037286876,1.1418644895065021e-05,0.8815613844619847,6.494936201596143e-19,0.7190028586601513,9.45809003219984e-15,55
RMSD,False,0.8450624472159181,4.968245056389822e-16,0.8815094068787365,6.566455470437438e-19,0.718086938676584,1.0030138948145602e-14,55
TM-score,True,0.8655901033681664,1.5062405289296778e-17,0.7151233158791351,8.57738210434507e-10,0.5484658905202361,3.720920023027873e-09,55
