metric,orientation,pearson_coef,pearson_pvalue,spearman_coef,spearman_pvalue,kendall_coef,kendall_pvalue,n_models
Clash_Score,False,0.35974182676944505,0.0035043524160564563,0.4841612157624914,5.0457248250857555e-05,0.2944140066934822,0.0006766235923992724,64
DI_all,False,0.804217134277614,1.216059994958613e-15,0.795626788780767,4.011193681168607e-15,0.617105917454003,6.427580288855575e-13,64
INF_all,True,0.6434943622352105,9.754061817686573e-09,0.6734308579756406,1.0787866185697638e-09,0.49201296371603126,1.129950593646826e-08,64
INF_stacking,True,0.6203911735098682,4.557338107701103e-08,0.6937822236216067,2.076158925491418e-10,0.5161004467228313,2.0543405384961034e-09,64
INF_wc,True,0.09510503207177903,0.4547367364521843,0.0332466412943647,0.7942443581773461,0.021024114033758232,0.8145221375825786,64
mcq,False,0.32055273819934654,0.009811169240473386,0.37815126090072565,0.0020640275500674863,0.25578509241051983,0.0028956466294092304,64
P-value,False,0.18576191193914499,0.14166182828985266,0.6705821752357598,1.3447826923081226e-09,0.4992536072758356,6.157177705171313e-09,64
RMSD,False,0.7459820543459065,1.5136991721672928e-12,0.671253577561534,1.2769887479651956e-09,0.49975136747886634,5.760486580445335e-09,64
TM-score,True,0.7133084280177935,3.7424205755355333e-11,0.6253837113451338,3.301111160745179e-08,0.47712717133900134,3.186749382969194e-08,64
