metric,orientation,pearson_coef,pearson_pvalue,spearman_coef,spearman_pvalue,kendall_coef,kendall_pvalue,n_models
Clash_Score,False,0.31881336820606043,0.0056317651170185775,0.34392291110693396,0.0026974433088763623,0.23034019651939067,0.003910186063609896,74
DI_all,False,0.7427157358040988,3.591912547416604e-14,0.9205373550173976,4.128208313448516e-31,0.7697736991032176,3.8146373013821563e-22,74
INF_all,True,0.6286206402528813,2.012626221866727e-09,0.5472037012351385,4.539635598667268e-07,0.4076013190468331,3.8409679418437204e-07,74
INF_stacking,True,0.7396635704739241,5.1761427041477815e-14,0.5978185956435286,1.8680316882206487e-08,0.4392531269899745,4.851999946012867e-08,74
INF_wc,True,0.38229923781639885,0.0007756871467551906,0.6069005972457095,9.926253302723e-09,0.4441455213694453,6.823950699550176e-08,74
mcq,False,0.5178791339675582,2.29565410491411e-06,0.6258322048206675,2.4873241737976724e-09,0.435864305064075,4.259950482664961e-08,74
P-value,False,0.34155625733933437,0.002898733340835055,0.8992737839516883,1.4413834947419335e-27,0.7269454705411837,2.3360355129786916e-19,74
RMSD,False,0.8294163284637582,6.972198668682506e-20,0.8989839145459868,1.5902197940791954e-27,0.7304477183443513,4.4368538343804826e-20,74
TM-score,True,0.757576390711818,5.619427413852678e-15,0.7075006911793421,1.8274677970230473e-12,0.5443445532933037,1.0678354644574211e-11,74
