metric,orientation,pearson_coef,pearson_pvalue,spearman_coef,spearman_pvalue,kendall_coef,kendall_pvalue,n_models
Clash_Score,False,0.3187819601706338,0.005636742941660534,0.34392291110693396,0.0026974433088763623,0.23034019651939067,0.003910186063609896,74
DI_all,False,0.7456309831108763,2.5215692691561644e-14,0.9092592193387792,4.0168290649228125e-29,0.7551516154176563,2.227021310729295e-21,74
INF_all,True,0.6642600298078115,1.102437482523657e-10,0.7383368801311377,6.057509817885869e-14,0.5674901452297478,1.1908462122991794e-12,74
INF_stacking,True,0.7505779585609778,1.3680999994470276e-14,0.6779671456070606,3.2397846441441746e-11,0.5161738648648873,1.1242385112358883e-10,74
INF_wc,True,0.4149760040508609,0.00023671566346229115,0.833775327099666,2.976305413556809e-20,0.6810958742213249,1.0719448661483715e-16,74
mcq,False,0.5178661543273536,2.297225407521441e-06,0.6258322048206675,2.4873241737976724e-09,0.435864305064075,4.259950482664961e-08,74
P-value,False,0.35900739815208177,0.001682876466378456,0.8812339223737564,3.9252699114752954e-25,0.7040657463189789,1.1386897159175698e-18,74
RMSD,False,0.7441350930481644,3.025335632093759e-14,0.8812725881085607,3.8822330229847067e-25,0.7044190579830216,8.408407923079076e-19,74
TM-score,True,0.7575592672945158,5.6318803279487655e-15,0.7075006911793421,1.8274677970230473e-12,0.5443445532933037,1.0678354644574211e-11,74
