metric,orientation,pearson_coef,pearson_pvalue,spearman_coef,spearman_pvalue,kendall_coef,kendall_pvalue,n_models
Clash_Score,False,-0.3147107211520959,0.005309761941294681,-0.513278454342051,1.8114033229138466e-06,-0.40582959316307926,2.7196274021281657e-06,77
DI_all,False,0.7765595502474434,1.0518581304407291e-16,0.8545965626335406,4.842241705952863e-23,0.6865488810004359,2.0931811323585388e-16,77
INF_all,True,0.6509641890761044,1.461589654266837e-10,0.5974479236302281,9.69061779576157e-09,0.4543291665465671,6.709720357691037e-08,77
INF_stacking,True,0.6092186680533933,4.117927702899515e-09,0.611021837431476,3.600751104976507e-09,0.4737692152694523,2.00582314733314e-08,77
INF_wc,True,0.6634888743242857,4.841144101984707e-11,0.6688865941720277,2.9582190443859385e-11,0.529889549316754,3.437788070788342e-09,77
mcq,False,0.7037252196327254,9.462757595616134e-13,0.6690708093487143,2.908382398535081e-11,0.5240914253070342,3.534463138477362e-10,77
P-value,False,0.7083141333077625,5.793174182587418e-13,0.8771331720972084,1.34303106627466e-25,0.7346827644708374,1.4790423033545824e-18,77
RMSD,False,0.8539006419319505,5.715271998435421e-23,0.8771331720972084,1.34303106627466e-25,0.7346827644708374,1.4790423033545824e-18,77
TM-score,True,0.6221962617889181,1.5377097944630223e-09,0.4935601521007782,5.0899147472350055e-06,0.38113834036351857,5.243228326689664e-06,77
