metric,orientation,pearson_coef,pearson_pvalue,spearman_coef,spearman_pvalue,kendall_coef,kendall_pvalue,n_models
Clash_Score,False,-0.2871364277729897,0.011342656901340162,-0.5024110849164157,3.2267166441944036e-06,-0.3917604274984318,5.892098303202577e-06,77
DI_all,False,0.7637598059909567,6.58126447600784e-16,0.867187628782901,2.0606356561986388e-24,0.7065315632105876,2.6889804748063328e-17,77
INF_all,True,0.6524312555411571,1.2875700321228007e-10,0.6112707333940338,3.5344270456892095e-09,0.47614614286367424,1.510088058875893e-08,77
INF_stacking,True,0.6154267180693727,2.584990233007195e-09,0.6274874364159169,1.0156752058236748e-09,0.4956586897338544,4.273505695391031e-09,77
INF_wc,True,0.6749867853724313,1.6744771674402428e-11,0.6793174515982577,1.1087613874050224e-11,0.5515051635260843,7.609794217466763e-10,77
mcq,False,0.7349988381969119,2.7384735278122387e-14,0.6842018902505238,6.905929380705558e-12,0.5355611585534974,1.4239646369441898e-10,77
P-value,False,0.6814157051823868,9.057200031652635e-12,0.8870749624709707,6.842491542756015e-27,0.7562084025512454,1.3954903842233228e-19,77
RMSD,False,0.8547028520696072,4.7208291228559974e-23,0.8870749624709707,6.842491542756015e-27,0.7562084025512454,1.3954903842233228e-19,77
TM-score,True,0.6176677245461843,2.17959209660274e-09,0.5122018256403676,1.9197463243920144e-06,0.39659894871057016,2.1206401671621807e-06,77
