metric,orientation,pearson_coef,pearson_pvalue,spearman_coef,spearman_pvalue,kendall_coef,kendall_pvalue,n_models
Clash_Score,False,-0.08033467222331736,0.47032383896674806,-0.34644799150809724,0.0013347332225650892,-0.2638196674257748,0.0013156684807679158,83
DI_all,False,0.7501759002732026,3.282589635157434e-16,0.8680279393922743,2.380536593017014e-26,0.7011702145463367,1.358242506256338e-18,83
INF_all,True,0.6383450075566963,8.478835626657197e-11,0.6266602913575142,2.340526060543068e-10,0.4869341697190565,1.2788279611736775e-09,83
INF_stacking,True,0.6096358981817714,9.54642594680179e-10,0.6308025380533586,1.6409816637272008e-10,0.49600299692100835,7.131553690723461e-10,83
INF_wc,True,0.6628136704555279,8.73815127838046e-12,0.6811455983803105,1.379661984889627e-12,0.5506198957341669,9.988545084671417e-11,83
mcq,False,0.7227745783421463,1.2153000554121574e-14,0.7065192829847673,8.503654463607372e-14,0.553231687953665,3.7875331849341596e-12,83
P-value,False,0.6626645107397168,8.865708953663978e-12,0.8930878565075578,7.855179708009403e-30,0.7574676266405269,1.9794182253218036e-21,83
RMSD,False,0.8387502043826407,4.339433752727247e-23,0.8930878565075578,7.855179708009403e-30,0.7574676266405269,1.9794182253218036e-21,83
TM-score,True,0.6029436213531416,1.6219993881524135e-09,0.5442050616406481,1.0510957515223007e-07,0.4219133231785534,1.239717467156094e-07,83
