metric,orientation,pearson_coef,pearson_pvalue,spearman_coef,spearman_pvalue,kendall_coef,kendall_pvalue,n_models
Clash_Score,False,-0.3448931243413641,0.0017303277298052894,-0.43232227254616423,6.211007038524161e-05,-0.33553673252845906,0.00018500412641918098,80
DI_all,False,0.9447532328876882,1.563921051413054e-39,0.7493538999398895,1.292044696787768e-15,0.6264337553929284,6.787471807352713e-13,80
INF_all,True,0.8407503720344708,1.7517403293334656e-22,0.6868544858514876,2.0039208536494085e-12,0.5619119325466909,1.9596551877678978e-10,80
INF_stacking,True,0.7833250054656579,8.948200260663266e-18,0.6530984236302315,5.178387542581945e-11,0.5374901008204441,1.388633284798039e-09,80
mcq,False,0.8408061323940124,1.7299094953054691e-22,0.670356039024215,1.035350782979244e-11,0.5510926057143097,2.573842208383187e-10,80
P-value,False,0.9476217364155656,2.0645428199508568e-40,0.762138636544771,2.1919315152201247e-16,0.649116737283919,9.542564804595257e-14,80
RMSD,False,0.9623883417822013,6.712880400730891e-46,0.7621293175772939,2.1948561662018116e-16,0.6488540023889626,9.928838795163515e-14,80
TM-score,True,0.6297475381445564,3.9042594509872886e-10,0.5617554504096881,5.911843824957668e-08,0.45028660281237043,2.462172243392541e-07,80
