metric,orientation,pearson_coef,pearson_pvalue,spearman_coef,spearman_pvalue,kendall_coef,kendall_pvalue,n_models
Clash_Score,False,-0.26144229770589245,0.00652628764478711,-0.12195293012094002,0.2108065699896152,-0.09547394563604782,0.14923752623428074,107
DI_all,False,0.6554091855478252,1.860111989942928e-14,0.7564485633394398,4.445491140565045e-21,0.574175339566061,1.910139961985457e-18,107
INF_all,True,0.5842479956274026,3.942039364270487e-11,0.783316231190791,2.0617118118198464e-23,0.5917625249075031,2.0401068349384678e-19,107
INF_stacking,True,0.5296158975097367,4.4753597786420064e-09,0.6987032881107496,5.891645580663775e-17,0.5012407669561707,2.3915074028013625e-14,107
INF_wc,True,0.47514241352209896,2.3253135021300576e-07,0.6524291722081589,2.6710690181515805e-14,0.48282563457627103,2.4796196894787616e-13,107
mcq,False,0.28802773337610027,0.0026261569343380086,0.462005304833289,5.463405259812382e-07,0.3235423846052141,7.927134734361108e-07,107
P-value,False,0.27475185740463354,0.004183171986215525,0.655065918538752,1.939681440302301e-14,0.4981917634270036,2.910342792494812e-14,107
RMSD,False,0.6959647075833317,8.73768387689217e-17,0.6550251280895795,1.9493531587675584e-14,0.49797142353148693,2.972157590420399e-14,107
TM-score,True,0.598127540666422,1.0250426070751678e-11,0.719447410258491,2.56020025061537e-18,0.5220804904369098,1.9769498177148068e-15,107
