metric,orientation,pearson_coef,pearson_pvalue,spearman_coef,spearman_pvalue,kendall_coef,kendall_pvalue,n_models
Clash_Score,False,-0.24937528495175243,0.1025838722754912,-0.25496505420011667,0.09486178548597146,-0.1627543328590528,0.12365128931069552,44
DI_all,False,0.7610868783556829,2.0129129467641757e-09,0.935165609584214,1.5290853876488665e-20,0.8054968287526427,1.287413407993685e-14,44
INF_all,True,0.7981534431226479,8.649558396231575e-11,0.741493203756828,8.533751067952855e-09,0.5858686038746066,2.432978609489069e-08,44
INF_stacking,True,0.7955537333183509,1.1011198308740127e-10,0.6828546361521417,3.281976761360256e-07,0.5267639053699845,4.954295728242693e-07,44
INF_wc,True,0.653559121043426,1.5103578692657089e-06,0.6844755887484707,3.000837327121222e-07,0.549460618948734,4.1472601640499685e-07,44
mcq,False,0.11113550765660007,0.4726361137622903,0.11867512332628612,0.44292882974963976,0.0909090909090909,0.3843951956470735,44
P-value,False,0.2534878029960477,0.09685748750161408,0.9173775226412066,2.085766645222947e-18,0.7533038782545918,1.047942795152758e-12,44
RMSD,False,0.8053015890009947,4.37246247730666e-11,0.9227625088090203,5.342750750852338e-19,0.7695560253699788,1.7957598470711517e-13,44
TM-score,True,0.8869256874766238,1.1186598299430138e-15,0.8561460474123159,1.2848960860792515e-13,0.6864422185681845,5.549913086246262e-11,44
