metric,orientation,pearson_coef,pearson_pvalue,spearman_coef,spearman_pvalue,kendall_coef,kendall_pvalue,n_models
Clash_Score,False,-0.3273486808885425,0.012132371933977582,-0.41487195239281516,0.0012034382279480249,-0.28608253595175887,0.001748076594693612,58
DI_all,False,0.7634155302885818,3.2172268707815084e-12,0.9554516385303283,2.329129888309332e-31,0.8353051683618995,2.4903516004644533e-20,58
INF_all,True,0.8268141541080929,1.290884838994775e-15,0.8645296858927922,2.260516617734899e-18,0.7040591687450848,8.941465352678e-15,58
INF_stacking,True,0.831277325942215,6.619803772224782e-16,0.8191091700962734,3.914477090868212e-15,0.6451632023102738,1.127443133212115e-12,58
INF_wc,True,0.6939242850262348,1.5456285562167761e-09,0.8181117693547958,4.501661774821675e-15,0.6712891603066533,1.0073926434025314e-12,58
mcq,False,0.2523263075809936,0.05602080446154151,0.3153458041903614,0.015900336145781183,0.23475896888602404,0.009416391325925555,58
P-value,False,0.28064045333624943,0.03285471324294415,0.9273409961266038,1.42036713779707e-25,0.7669562758087523,7.013885912678032e-17,58
RMSD,False,0.8079719615626222,1.7790594235635585e-14,0.9337927657352049,1.146554125526985e-26,0.7855629579002613,3.6651509506250315e-18,58
TM-score,True,0.8624769666181542,3.347150492409763e-18,0.8872478894389918,1.8136859200502327e-20,0.718541564502789,2.159787318659377e-15,58
