metric,orientation,pearson_coef,pearson_pvalue,spearman_coef,spearman_pvalue,kendall_coef,kendall_pvalue,n_models
Clash_Score,False,-0.3235288086494851,0.01243606759538213,-0.41309222768901016,0.0011472469838528278,-0.28454494676274084,0.0016731495777108354,59
DI_all,False,0.7657266472682739,1.6121072240147139e-12,0.9527692548792365,3.4779519111050473e-31,0.829182857681796,2.1365854737152554e-20,59
INF_all,True,0.8280715524300077,5.95570946541393e-16,0.8699034159866301,3.8345572705525113e-19,0.7106322275428123,2.8177026165149608e-15,59
INF_stacking,True,0.8319058123167622,3.3097659562516105e-16,0.8281567518341076,5.879395091568613e-16,0.6537349056997201,3.4558655632115806e-13,59
INF_wc,True,0.6899562690807135,1.498009730516731e-09,0.8051282723726627,1.5158103131160778e-14,0.6588822193831875,1.8137636174207406e-12,59
mcq,False,0.2609353865239421,0.04592008804308703,0.3295338307544216,0.010813654811480148,0.24435989516134907,0.006381057479105197,59
P-value,False,0.27557508425042876,0.0346405384774226,0.922125439829836,3.536513490104073e-25,0.7582896667197091,7.934841024773104e-17,59
RMSD,False,0.8101881133234522,7.710467173994587e-15,0.9282770730457814,3.688320123565041e-26,0.7764433119635192,4.451760582017506e-18,59
TM-score,True,0.8626415971550214,1.6267857268032813e-18,0.8844686736648375,1.5966768411925605e-20,0.7152089488786467,1.6135485606131656e-15,59
