metric,orientation,pearson_coef,pearson_pvalue,spearman_coef,spearman_pvalue,kendall_coef,kendall_pvalue,n_models
Clash_Score,False,0.061934878627497005,0.6791905122803271,-0.14125754358663098,0.3435897209679758,-0.08887370071961419,0.38307467497448056,47
DI_all,False,0.754990485435738,8.730847805495149e-10,0.9433395004625348,3.453593342246525e-23,0.8186864014801112,4.823910907652641e-16,47
INF_all,True,0.7861053355270837,5.879017148189809e-11,0.7381911055021515,3.1928713865719213e-09,0.5857817183029195,7.395730474245359e-09,47
INF_stacking,True,0.7904404741494737,3.896518697106271e-11,0.6710035632609275,2.4509428983527684e-07,0.5099689176252138,4.5397191409762795e-07,47
INF_wc,True,0.6321117018931455,1.8821386396398832e-06,0.6966884936429597,5.359342242882324e-08,0.557919035150593,8.89943320757236e-08,47
mcq,False,0.10964742710673106,0.4631439442774363,0.10037002775208143,0.5020475801650605,0.0786308973172988,0.43569198406730025,47
P-value,False,0.28576020894365306,0.05151852386071762,0.925121553898883,1.5083989182485716e-20,0.7620149871303953,7.653437798775818e-14,47
RMSD,False,0.8012874384495201,1.3329300012815888e-11,0.9299259944495837,3.570549382575375e-21,0.7761332099907493,1.425934119357092e-14,47
TM-score,True,0.8857252318034471,1.334337180935778e-16,0.8203452841194457,1.7094980186448148e-12,0.6434584769288184,2.0514182707205067e-10,47
