metric,orientation,pearson_coef,pearson_pvalue,spearman_coef,spearman_pvalue,kendall_coef,kendall_pvalue,n_models
Clash_Score,False,-0.06751175512156875,0.8529893072458188,-0.146344183996585,0.6866405042968726,-0.11366572324507893,0.6521086053828111,10
DI_all,False,0.1039726416245145,0.7750026385300504,0.309090909090909,0.3848412302612835,0.19999999999999998,0.4843127204585538,10
INF_all,True,-0.05557325433731675,0.8788082552687215,-0.28135740664340325,0.43098191942183417,-0.18401748249129446,0.46889018958080375,10
INF_stacking,True,-0.05527645664766189,0.8794515352869973,-0.33766491571959006,0.3399711742396793,-0.26257545381445874,0.3077948174161401,10
INF_wc,True,-0.23910054375031156,0.5058571426599419,-0.15891043154093204,0.6610294238996188,-0.17638342073763935,0.5076993264020353,10
mcq,False,-0.1929622262546916,0.593263948991278,-0.2606060606060606,0.4670890543863402,-0.19999999999999998,0.4843127204585538,10
P-value,False,0.3058591465677517,0.3900892238601555,0.28484848484848485,0.42503815489214547,0.15555555555555553,0.6006536596119929,10
RMSD,False,0.19409155096564198,0.5910608547744356,0.28484848484848485,0.42503815489214547,0.15555555555555553,0.6006536596119929,10
TM-score,True,-0.12873150010481726,0.7230202472413623,-0.19019836693335312,0.5986683040717657,-0.18401748249129446,0.46767140390417383,10
