metric,orientation,pearson_coef,pearson_pvalue,spearman_coef,spearman_pvalue,kendall_coef,kendall_pvalue,n_models
Clash_Score,False,-0.4155560424910226,0.0014476857688485295,-0.43159400729490993,0.0008963706720788923,-0.29955578871470495,0.0012833011660492437,56
DI_all,False,0.6009155723678059,9.745581932948389e-07,0.7240813536147668,2.8530630138500157e-10,0.5778501628664495,3.5996641164143723e-10,56
INF_all,True,0.5512127915773744,1.0699060726324065e-05,0.707495604693861,1.086077181551848e-09,0.5481411178726748,3.2203199371783046e-09,56
INF_stacking,True,0.34045994969585947,0.010243180338867047,0.44244530710848723,0.0006393663193244012,0.30891784550384666,0.0008818104432928615,56
INF_wc,True,0.5827524976910992,2.449292237163037e-06,0.7679441741411923,4.963725252321733e-12,0.5935813606055814,1.8113271607593667e-10,56
mcq,False,-0.2798872669684455,0.03668971083582562,-0.4249871816783456,0.0010951739196624103,-0.28859934853420194,0.0017379799174111238,56
P-value,False,-0.028858070656495878,0.8327879903972261,0.6179798325072636,3.8867101307923667e-07,0.4527687296416938,8.961916768422532e-07,56
RMSD,False,0.6315619464034053,1.7965550930471616e-07,0.6179798325072636,3.8867101307923667e-07,0.4527687296416938,8.961916768422532e-07,56
TM-score,True,0.5044924733224181,7.351565447829064e-05,0.27492693313770905,0.04029977742223281,0.22797602040663054,0.013829936339206317,56
