metric,orientation,pearson_coef,pearson_pvalue,spearman_coef,spearman_pvalue,kendall_coef,kendall_pvalue,n_models
Clash_Score,False,-0.1375605792995512,0.4767155081119301,-0.24053318207732752,0.2087953824613694,-0.13234706207565533,0.31908423510848327,29
DI_all,False,0.79705600836608,2.2838898486700224e-07,0.8492610837438421,5.729226642262751e-09,0.6748768472906402,1.856669793765212e-08,29
INF_all,True,0.6660777581742996,8.00988523761576e-05,0.6864755797958353,3.926448169981768e-05,0.46768484425736495,0.0004125775429851844,29
INF_stacking,True,0.2977312509157592,0.11673658607651409,0.4207806818976054,0.023026701899199083,0.2771796960452404,0.036850605662994314,29
INF_wc,True,0.7267596286125793,8.022309745406225e-06,0.7549105510451556,2.2231929744669403e-06,0.5546779198544336,3.1900245061166614e-05,29
mcq,False,-0.5036434851845889,0.005347410912975216,-0.7429486446303367,3.912351445152303e-06,-0.5450065795426834,3.379483001003322e-05,29
P-value,False,0.11999291980514878,0.5352548074949831,0.7448275862068964,3.5872884106530883e-06,0.5566502463054187,8.281497209640472e-06,29
RMSD,False,0.707452568651971,1.7741530047285365e-05,0.7448275862068964,3.5872884106530883e-06,0.5566502463054187,8.281497209640472e-06,29
TM-score,True,-0.07470113154935286,0.7001472930811877,-0.2637230478365775,0.16686824854566729,-0.15692143800387126,0.23633746364243147,29
