metric,orientation,pearson_coef,pearson_pvalue,spearman_coef,spearman_pvalue,kendall_coef,kendall_pvalue,n_models
Clash_Score,False,-0.4622496368888743,0.017428299444555168,-0.19119458075273438,0.34946422268647737,-0.10017133778320925,0.4792854446226399,26
DI_all,False,0.8133883700349209,4.3851064047789876e-07,0.8495726495726494,4.023986565976345e-08,0.6738461538461539,1.4415746301515204e-07,26
INF_all,True,0.6667822877398307,0.00019937446364785757,0.6826435705638325,0.00012192435212552399,0.460369427390502,0.0010821787048869089,26
INF_stacking,True,0.2831651613612255,0.16099396322001414,0.4183666363782951,0.03341918706638436,0.2683571861481475,0.05730615440533838,26
INF_wc,True,0.738700191429306,1.6375834890690953e-05,0.7517633278214573,9.533470248117232e-06,0.5355825195389894,0.00016689707688656005,26
mcq,False,-0.5470272395883669,0.003828400375829787,-0.7641025641025642,5.544858553855281e-06,-0.556923076923077,2.8964200549212964e-05,26
P-value,False,0.11781161894922904,0.566521714923198,0.7613675213675213,6.26980373142426e-06,0.5692307692307692,1.796817515501251e-05,26
RMSD,False,0.7461565411484505,1.2072620799728903e-05,0.7613675213675213,6.26980373142426e-06,0.5692307692307692,1.796817515501251e-05,26
TM-score,True,-0.14584630021517606,0.4771376677899284,-0.35108813799536853,0.07863942779560092,-0.20529987978225095,0.14479357407870302,26
