metric,orientation,pearson_coef,pearson_pvalue,spearman_coef,spearman_pvalue,kendall_coef,kendall_pvalue,n_models
Clash_Score,False,0.37786314250706954,0.18284370213225845,0.4826720064696197,0.08044151101623136,0.31264094565852313,0.13676597707524107,14
DI_all,False,0.887207669614828,2.32174799693047e-05,0.8197802197802198,0.00033143695693539925,0.6043956043956044,0.0019570772224542067,14
INF_all,True,0.45629640500629964,0.1010106203412682,0.6270630857197947,0.016387854981410994,0.4198959112834707,0.037212028665121584,14
INF_stacking,True,0.5576812820225108,0.0382509050420668,0.6762130941166972,0.00792627656402332,0.500030867055621,0.013475971095517634,14
INF_wc,True,0.1594924657642478,0.5860049017645653,0.3367131783981528,0.23912503376514033,0.22130457664129388,0.28942808470697756,14
mcq,False,-0.17601285646408094,0.5472353354527029,-0.05054945054945055,0.8637420361792153,-0.03296703296703297,0.9144846237132943,14
P-value,False,0.718913081385261,0.003763031471812386,0.8857142857142857,2.5040044989174743e-05,0.7142857142857144,0.00014457073918879473,14
RMSD,False,0.9322763952561521,1.2024174264369475e-06,0.8857142857142857,2.5040044989174743e-05,0.7142857142857144,0.00014457073918879473,14
TM-score,True,0.34472217466178284,0.22742691945537863,0.410989010989011,0.14433266812460507,0.27472527472527475,0.1925076217598539,14
