metric,orientation,pearson_coef,pearson_pvalue,spearman_coef,spearman_pvalue,kendall_coef,kendall_pvalue,n_models
Clash_Score,False,0.30328961709111346,0.1166706311621977,0.424480550081706,0.02435983846058072,0.27732993526150196,0.05591682272211303,28
DI_all,False,0.7916189959773552,5.25153969085611e-07,0.7919573444355388,5.152427827930461e-07,0.60330807439238,1.2815857662760163e-05,28
INF_all,True,0.41485938373267794,0.028153071456771796,0.5953114547553285,0.0008321612597449929,0.4182841533020608,0.00259266453678059,28
INF_stacking,True,0.574353624062217,0.0013920419985700649,0.6829607425435053,6.208727884273664e-05,0.5264807784302199,0.00015984832054836252,28
INF_wc,True,0.06689328003936451,0.7352071855957516,0.25889316047388145,0.18342308226876575,0.1781160455826991,0.21672744516118247,28
mcq,False,-0.33112146264977316,0.08521763464051439,-0.06558310646334663,0.7402151831815216,-0.019283819729436807,0.8890836308424159,28
P-value,False,0.602642665563262,0.0006892796016457653,0.8354957092305335,3.1691803909914917e-08,0.66391436497061,1.5744953017255332e-06,28
RMSD,False,0.8283369791450719,5.2814738958709585e-08,0.8354957092305335,3.1691803909914917e-08,0.66391436497061,1.5744953017255332e-06,28
TM-score,True,0.5757033375323894,0.001348059090269011,0.44530378170070656,0.017565216309401374,0.3112959470609084,0.0243637079776492,28
