metric,orientation,pearson_coef,pearson_pvalue,spearman_coef,spearman_pvalue,kendall_coef,kendall_pvalue,n_models
Clash_Score,False,-0.04648825399513877,0.9211643414806069,-0.09009374626955591,0.8476720796198265,0.0,1.0,7
DI_all,False,-0.8596188978901124,0.013129790034986892,-0.642857142857143,0.11939237342741094,-0.4285714285714286,0.2388888888888889,7
INF_all,True,-0.3165438455334103,0.4891316695584845,-0.1785714285714286,0.7016579425162729,-0.14285714285714288,0.7726190476190476,7
INF_stacking,True,-0.12543532159900503,0.7887256683980072,0.14414999403128945,0.7578179356488596,0.09759000729485331,0.7612636496364197,7
INF_wc,True,-0.33774775183866057,0.45875780288405593,-0.37062465833055064,0.41311620025516577,-0.3086066999241839,0.34676888345244306,7
mcq,False,-0.29860885701355044,0.515361235941057,-0.21428571428571433,0.6445115810207203,-0.14285714285714288,0.7726190476190476,7
P-value,False,-0.788478819945954,0.035137005602463946,-0.8928571428571429,0.006807187408935392,-0.8095238095238096,0.010714285714285714,7
RMSD,False,-0.9363244472406482,0.001898487844448935,-0.8928571428571429,0.006807187408935392,-0.8095238095238096,0.010714285714285714,7
TM-score,True,0.7073201846576235,0.07545878932164274,0.5357142857142858,0.21521745567801273,0.4285714285714286,0.2388888888888889,7
