metric,orientation,pearson_coef,pearson_pvalue,spearman_coef,spearman_pvalue,kendall_coef,kendall_pvalue,n_models
Clash_Score,False,0.21793724077816506,0.10994923276632601,0.10051611925110511,0.465281557784331,0.03594463798651479,0.7002359203499919,55
DI_all,False,0.7436959876732494,7.783626874043163e-11,0.9068999766302202,1.5288495258720924e-21,0.7541326068510689,4.769233333340348e-16,55
INF_all,True,0.6109950788951997,7.263106940498844e-07,0.8486270003696447,2.8106594254595464e-16,0.6779437871315126,3.419877937260744e-13,55
INF_nwc,True,0.42577847229956045,0.0011916153166974907,0.6393818372687954,1.4859480606138059e-07,0.4989133073578521,7.983238166782878e-07,55
INF_stacking,True,0.7191746976353056,6.213949029710652e-10,0.7871373139888653,1.032288669445787e-12,0.603393297299803,1.014030126713144e-10,55
INF_wc,True,0.4447225597772956,0.0006695321685146839,0.6439150331169862,1.1359723860077723e-07,0.459568246465631,9.95233866194626e-07,55
mcq,False,0.31394690642614353,0.019586878058445275,0.3979000920710278,0.002626108173014185,0.24518745065951128,0.008392996632132261,55
P-value,False,0.21680201852100292,0.11185944146472401,0.7929873415147157,5.341401644210071e-13,0.6132129053880188,6.328188878881667e-11,55
RMSD,False,0.8315231898816388,3.8217662858821655e-15,0.7958149216099534,3.855207009924615e-13,0.6246214614884524,1.777519139034389e-11,55
TM-score,True,0.8650527275978155,1.6624808412429988e-17,0.6455954250477786,1.0271721375022728e-07,0.4782168459144187,2.733209276301586e-07,55
lDDT,True,0.7888168935535296,8.5618658052142e-13,0.8998701023394289,9.613045452780434e-21,0.7423936788223691,1.542529491224214e-15,55
