metric,orientation,pearson_coef,pearson_pvalue,spearman_coef,spearman_pvalue,kendall_coef,kendall_pvalue,n_models
Clash_Score,False,0.2851714342810046,0.03482829949095459,0.3060970345001575,0.02303879144278285,0.224940861504247,0.016172800932791703,55
DI_all,False,0.6801097287873494,1.1230507522903284e-08,0.7120974550364285,1.0873026963436665e-09,0.5393751362467962,6.823966705399934e-09,55
INF_all,True,0.6188895555980163,4.7458740210193884e-07,0.6453731812044806,1.0409777883021184e-07,0.48542384037320224,1.982949719338564e-07,55
INF_stacking,True,0.5845384344134519,2.7882171533274398e-06,0.439753818422111,0.0007813399463624518,0.31929377297775907,0.0006383017722561026,55
INF_wc,True,0.5246005043098597,3.933699722079135e-05,0.6438506285447114,1.1403503548513444e-07,0.46939794204043267,6.094159824901783e-07,55
mcq,False,0.4345489806388504,0.0009162559368644775,0.614893283615318,5.895208622697069e-07,0.4216593895081079,6.045355043189938e-06,55
P-value,False,0.228227330044879,0.09375752907922147,0.5174225038223028,5.227379468098956e-05,0.3681284151862285,8.98347479618913e-05,55
RMSD,False,0.6966164595116153,3.495398579149971e-09,0.5248895095246726,3.8883998714097e-05,0.3785088675416114,4.7661630167767994e-05,55
