metric,orientation,pearson_coef,pearson_pvalue,spearman_coef,spearman_pvalue,kendall_coef,kendall_pvalue,n_models
Clash_Score,False,-0.26768423183769063,0.04039383844163763,-0.3736055150545813,0.0035607450359547944,-0.2375214592196677,0.008505316226252288,59
DI_all,False,0.7404715216774038,2.0417247168792204e-11,0.8798924326345265,4.529941666951419e-20,0.7350177531890001,2.744810381296057e-16,59
INF_all,True,0.5648452349586778,3.1580502845751802e-06,0.6765677604808475,4.057688417952236e-09,0.45170859664812874,5.198064578673701e-07,59
INF_stacking,True,0.27813700417858533,0.03292600265683439,0.35854327045493656,0.005295885477746169,0.24734567728971996,0.006100963483854836,59
INF_wc,True,0.6394076729242774,5.009452058735558e-08,0.7569165218416621,4.0472274943803285e-12,0.5687972693715037,1.1439441915719547e-09,59
mcq,False,0.22004420340147265,0.0940083173351965,0.20323278416581286,0.12263176719207419,0.12683508453020334,0.1576522907568837,59
P-value,False,0.4387019877244096,0.0005096757341137373,0.9371537979107063,9.64721341484945e-28,0.7945930404786677,9.155217333765734e-19,59
RMSD,False,0.7772701832408412,4.534006347506655e-13,0.9373300989067626,8.926452994650064e-28,0.7949472582451775,8.648651886724786e-19,59
TM-score,True,0.6535932578187018,1.9991156608495685e-08,0.7005482223833529,6.552738577352921e-10,0.5212286801953053,7.2505019359027735e-09,59
