metric,orientation,pearson_coef,pearson_pvalue,spearman_coef,spearman_pvalue,kendall_coef,kendall_pvalue,n_models
Clash_Score,False,-0.37194756346540836,0.005615733150676648,-0.4399046839974241,0.0008732858294139609,-0.28935790252827814,0.0022518463986314955,54
DI_all,False,0.7395005946222083,1.6923540624089818e-10,0.8768826025362098,3.582560164976294e-18,0.7210121246256569,1.8918446547026263e-14,54
INF_all,True,0.547344859772374,1.843525434480745e-05,0.6920495715231444,6.801301222752906e-09,0.4729065210409702,5.271087471904127e-07,54
INF_stacking,True,0.2787279587770848,0.04125685784176456,0.3545544963464214,0.008525201261414825,0.23808092769453568,0.011847818575619501,54
INF_wc,True,0.627107937528835,3.89799773792412e-07,0.8199753241853601,3.3461698410417597e-14,0.6409914211666505,8.02611556734068e-11,54
mcq,False,0.2598859572700609,0.057718526052644645,0.22327283883733157,0.10461450163253554,0.13412934577528476,0.1540153276670915,54
P-value,False,0.49031908259613416,0.0001674306456278736,0.9333498562312358,8.580729939001651e-25,0.7908612087843335,4.5836684921057113e-17,54
RMSD,False,0.7803887461503958,3.474728362569647e-12,0.9335798992564177,7.865468566627828e-25,0.7912862108464812,4.309900931101708e-17,54
TM-score,True,0.6532732836091915,8.573607070831159e-08,0.7315115253652442,3.326750325240317e-10,0.5488563812434574,6.2817067675292505e-09,54
