metric,orientation,pearson_coef,pearson_pvalue,spearman_coef,spearman_pvalue,kendall_coef,kendall_pvalue,n_models
Clash_Score,False,-0.3724928111715633,0.0055407042454912675,-0.44422407416647336,0.000765461095735781,-0.29441377749348024,0.00188866674926088,54
DI_all,False,0.7511244958716005,6.052079824392852e-11,0.8810172931116129,1.5537049207972871e-18,0.7219687669435608,1.782060104456583e-14,54
INF_all,True,0.5482988166012728,1.7705512060222208e-05,0.6917767737534511,6.9331209257185875e-09,0.4737768684906945,5.066521793471872e-07,54
INF_stacking,True,0.272492795820046,0.04621216330508118,0.35294007772193065,0.008852078997588492,0.2388714054137895,0.011596788902669023,54
INF_wc,True,0.6389608853039388,1.997946680337108e-07,0.8200682713778797,3.305571809047269e-14,0.6374802285118045,1.0305924248151973e-10,54
mcq,False,0.2662764649496503,0.051626470510521036,0.21883519306354618,0.11187705729256098,0.13206904807201883,0.16057509391876923,54
P-value,False,0.5009445428701713,0.00011428233561039124,0.937714482493616,1.5569730990908169e-25,0.8002814918375276,1.9933528165623176e-17,54
RMSD,False,0.7927992372094697,9.037556515076162e-13,0.9379063176646523,1.4403982723758532e-25,0.8007034328614564,1.873033224585245e-17,54
TM-score,True,0.6549542410903624,7.739862560171625e-08,0.7233823667582051,6.45996516604991e-10,0.5405808411995608,1.0675172332093875e-08,54
