metric,orientation,pearson_coef,pearson_pvalue,spearman_coef,spearman_pvalue,kendall_coef,kendall_pvalue,n_models
Clash_Score,False,-0.08129568793759509,0.5955005906872645,-0.04702858631020744,0.7590187946657923,-0.032755042324552446,0.7538676469042921,45
DI_all,False,0.4273798829771404,0.003409584645899541,0.43923971621409014,0.0025389914737550903,0.3085486607544098,0.002844734033603665,45
INF_all,True,-0.10454560157641914,0.4943195816959473,-0.05301308055286482,0.7294489589503353,-0.02232371941523361,0.8295306372484178,45
INF_stacking,True,-0.2072759182876311,0.17187244232782972,-0.2287107954410527,0.130743891004242,-0.15056075821110637,0.14738105507202284,45
INF_wc,True,0.08118197059730023,0.596017035227173,0.02897452411281008,0.8501421447187206,0.03161721693476244,0.7614585026108385,45
mcq,False,-0.16865128784833233,0.2680921607248541,-0.0847937806557723,0.5797113097678811,-0.04453443576687824,0.6668287608068009,45
P-value,False,0.42852850770870754,0.0033151108936756006,0.5374884713207385,0.00014049368997800545,0.4008099219019041,0.00010682643961404663,45
RMSD,False,0.5081484584501142,0.00036582079339277356,0.5389860684486982,0.0001334767993780264,0.4016190764573793,0.0001026933525031989,45
TM-score,True,0.4076122650890644,0.005448794496762175,0.46720042401468187,0.0012139202084075697,0.3135467863321448,0.002494262025307157,45
