metric,orientation,pearson_coef,pearson_pvalue,spearman_coef,spearman_pvalue,kendall_coef,kendall_pvalue,n_models
Clash_Score,False,0.1232483316022372,0.48058458536737186,0.039660858563133373,0.8210425454532487,0.025381292004607873,0.8311648103731623,35
DI_all,False,0.2906436963249237,0.09030142338271746,0.7019607843137255,2.6137723372612485e-06,0.4789915966386554,5.178789682317931e-05,35
INF_all,True,0.41460727255928115,0.01327289575839341,0.3887293966742089,0.021008320552102257,0.25107114835824973,0.03534088085623101,35
INF_stacking,True,0.3612771624638732,0.032979467755720866,0.3788707074239095,0.024804138691356597,0.2685845297609555,0.0238588165323102,35
mcq,False,0.33993559553136515,0.04571730750035044,0.3456582633053222,0.041966978794684966,0.21344537815126052,0.071296880302187,35
P-value,False,0.3510346026621139,0.03867366819091293,0.6778711484593837,7.685331493205842e-06,0.5327731092436975,6.736326393795382e-06,35
RMSD,False,0.5980758355817776,0.00014801283163367015,0.6778711484593837,7.685331493205842e-06,0.5327731092436975,6.736326393795382e-06,35
TM-score,True,0.5804878658265493,0.000256528216183078,0.46347783571884255,0.005045955967276343,0.3027755486321566,0.010572633582129377,35
INF_wc,True,0.3490688626483397,0.0502112991637728,0.32537810537547235,0.06918731978653671,0.23563236677229796,0.07410682532058185,32
