metric,orientation,pearson_coef,pearson_pvalue,spearman_coef,spearman_pvalue,kendall_coef,kendall_pvalue,n_models
Clash_Score,False,0.6253186177876533,4.44190578658202e-11,0.581136698877044,1.9099270271239816e-09,0.3881541972205523,8.229569325102632e-08,90
DI_all,False,0.8201885764843895,4.6699782517357864e-23,0.799527505906176,3.47002927175899e-21,0.6122907819135648,1.3128156741089405e-17,90
INF_all,True,0.8716600674574619,5.401463436409649e-29,0.8636805225085803,6.417648353964989e-28,0.6832766471150977,1.858194927712068e-21,90
INF_stacking,True,0.8077503309365732,6.65015462906256e-22,0.8168287120725293,9.76111986469594e-23,0.593790993090664,1.3984754713705059e-16,90
INF_wc,True,0.8296767535072422,5.344691466347651e-24,0.7899479228888856,2.164559672338409e-20,0.6249215144080857,7.42076763630232e-18,90
mcq,False,0.3518357947456827,0.0006724684846311617,0.43367920221610834,1.954852406087815e-05,0.28189430944722166,8.440666195167212e-05,90
P-value,False,0.431163410600791,2.2107163135589144e-05,0.6771643748389703,2.337525213575768e-13,0.5364325353972597,4.819976426150715e-12,90
RMSD,False,0.7833260146814064,7.264145421213934e-20,0.7140011359614102,2.7974303105965494e-15,0.526854858855858,1.973573726072784e-13,90
TM-score,True,0.8430170792572591,2.0020869695656098e-25,0.8104183480415504,3.8245424850855743e-22,0.618232228457642,6.9178516490193816e-18,90
