metric,orientation,pearson_coef,pearson_pvalue,spearman_coef,spearman_pvalue,kendall_coef,kendall_pvalue,n_models
Clash_Score,False,0.5569377592841451,4.786872775299789e-05,0.5210637076158177,0.00017318935733966244,0.37758451027653134,0.0002762099687666583,47
DI_all,False,0.7991052577766279,1.6626282407697162e-11,0.9382685487376166,2.2519385415678413e-22,0.8146118161064536,1.1324017857672486e-15,47
INF_all,True,0.6642967916564295,3.558133669314844e-07,0.8143416254842669,3.348052794345376e-12,0.6170585102096028,1.3965260751271541e-09,47
INF_stacking,True,0.7162764152140721,1.5059742871925645e-08,0.8223820149002445,1.353227208120051e-12,0.627005058273923,7.832593637194876e-10,47
INF_wc,True,0.29008054093775326,0.047940266568700034,0.4420182435027899,0.001866678191690405,0.343453669914617,0.0009627613436031854,47
mcq,False,0.6007607330692608,8.020711084675696e-06,0.6422084645156689,1.13954936453009e-06,0.4338647089733763,2.0134170019421773e-05,47
P-value,False,0.23871370253663868,0.10610980779829743,0.693251208584325,6.628057914004514e-08,0.5689659862068565,1.2623298540769217e-06,47
RMSD,False,0.8076466762611831,6.889674309573282e-12,0.9350255516552005,6.885537508696416e-22,0.8034015617563648,2.7593631317865875e-15,47
TM-score,True,0.9336624056010224,1.0827795155821353e-21,0.7987614051958409,1.7211287906864838e-11,0.6308107884592103,5.879064392320317e-10,47
