metric,orientation,pearson_coef,pearson_pvalue,spearman_coef,spearman_pvalue,kendall_coef,kendall_pvalue,n_models
Clash_Score,False,0.776369781957926,1.172586949402363e-14,0.5672596771507187,5.581497092889039e-07,0.39785491325373495,3.0873303389610154e-06,67
DI_all,False,0.22487683890313212,0.06731476272111533,0.28938361326470685,0.017539741830524945,0.21798374113855132,0.009370302592483871,67
INF_all,True,-0.05233855866515353,0.6740210122575463,0.1768059857549303,0.15234781002913,0.1153361683984205,0.1722297763034345,67
mcq,False,0.3868505951492309,0.0012214700659419887,0.6850807787956961,1.6131183570752096e-10,0.45322452845057126,6.583817716814017e-08,67
P-value,False,0.17551827984642138,0.15540467812036204,0.4190033332014358,0.0004170961423164795,0.3137344654938992,0.00018378018839773242,67
RMSD,False,0.14756209902324768,0.23339694649535256,0.4190033332014358,0.0004170961423164795,0.3137344654938992,0.00018378018839773242,67
TM-score,True,-0.03344774817047595,0.7881570855132266,0.010182690597040262,0.9348196995250134,0.01050008528128472,0.9008677949853138,67
