metric,orientation,pearson_coef,pearson_pvalue,spearman_coef,spearman_pvalue,kendall_coef,kendall_pvalue,n_models
Clash_Score,False,0.8135044796927317,6.008666563501055e-17,0.5517408326203512,1.3021143446555651e-06,0.41226841192112423,2.2076931825631406e-06,67
DI_all,False,0.9094341506503812,1.8384167413524354e-26,0.8528085159064185,5.2631125238756256e-20,0.6979097886157565,9.961624585984256e-17,67
INF_all,True,0.893229753205482,2.985130632010579e-24,0.35534953262044977,0.0031686467749777536,0.2416364452102575,0.004965601983323099,67
INF_stacking,True,0.8558849268537333,2.786288299933114e-20,0.33901949131791287,0.0050098608399256105,0.22472442069531579,0.00884838164459506,67
INF_wc,True,0.8807988268504943,8.756402801555136e-23,0.7543515637170165,1.7000167858435862e-13,0.6159217640469028,9.393160488414416e-11,67
mcq,False,0.7455362536567969,4.590251419551388e-13,0.813530599014036,5.983993631154433e-17,0.6162651515067225,2.37056043434354e-13,67
P-value,False,0.3269641140030392,0.006921185663639058,0.5891657589670773,1.5641663948174467e-07,0.48513139550702694,8.340050315264618e-07,67
RMSD,False,0.8993745138118358,4.799634479340611e-25,0.8450721316519351,2.449092703078888e-19,0.6633327717091089,2.9301167972767766e-15,67
TM-score,True,0.968672460489286,4.846777087790692e-41,0.6584366168457071,1.3970993181445296e-09,0.5047884210495663,2.8498239396298447e-09,67
