metric,orientation,pearson_coef,pearson_pvalue,spearman_coef,spearman_pvalue,kendall_coef,kendall_pvalue,n_models
Clash_Score,False,0.7622796204583676,6.710135505133701e-14,0.5442849001216948,1.927108655576136e-06,0.37859660561456865,9.11071805148755e-06,67
DI_all,False,0.18749540485587318,0.12867603131024952,0.2782556631628924,0.02260836958627232,0.20445254268304308,0.014852957408981151,67
INF_all,True,-0.03972564185710599,0.7495937499373239,0.1738358008257026,0.1594669126164304,0.10165180413662939,0.2291266700993312,67
INF_nwc,True,0.42111167551481793,0.00038724203732727,0.1580693619439233,0.20140688501508563,0.10425602896673804,0.2503574875282454,67
INF_stacking,True,0.17260710297270968,0.16248271415699883,0.2232494295276311,0.06937340917626901,0.14625527916190353,0.08306193317049936,67
INF_wc,True,0.17755083216978318,0.15060015876188726,0.024323022742862084,0.8450996444724372,0.019330407798024384,0.8234313783780645,67
mcq,False,0.37705962444191266,0.001659441539160355,0.6840235506800897,1.7649982292803187e-10,0.44525220406529387,1.1270628784966997e-07,67
P-value,False,0.14781572597478823,0.23258556503060066,0.4114917524229188,0.000541320840623308,0.3093345526067916,0.00022750018711511553,67
RMSD,False,0.13067418771543066,0.2918770308357173,0.4114917524229188,0.000541320840623308,0.3093345526067916,0.00022750018711511553,67
TM-score,True,-0.045329816213954356,0.7156748684874581,0.019806924438295726,0.8735970429767477,0.013245248968419382,0.8751924253933162,67
lDDT,True,0.8543642938893616,3.822503811146544e-20,0.8871499310582301,1.6371801947736098e-23,0.717744302440287,1.55406597519674e-17,67
