metric,orientation,pearson_coef,pearson_pvalue,spearman_coef,spearman_pvalue,kendall_coef,kendall_pvalue,n_models
Clash_Score,False,0.8150518263077009,4.703595868786121e-17,0.6524627032411916,2.2015471347609823e-09,0.46962194482655556,3.327477624326808e-08,67
DI_all,False,0.4407694615052458,0.00018920103855330983,0.7524596379891835,2.1113017617421257e-13,0.5680580762250453,1.2302542399629922e-11,67
INF_all,True,0.5592595620898724,8.684306073015765e-07,0.4929261974351969,2.258302158289229e-05,0.3359394746207962,7.009259409896163e-05,67
INF_stacking,True,0.7169236128938619,5.608211900138993e-11,0.4413684713275962,0.00032956577538815736,0.30168314954054026,0.0006280098708787919,62
INF_wc,True,0.47255896195473257,0.00010526636926686447,0.5920712857598033,4.008039044463844e-07,0.4289602141318565,1.8058162953320942e-06,62
mcq,False,0.6221394699998022,1.9113100041030073e-08,0.775847445907964,1.2537232971986285e-14,0.5504089463748421,5.360768257121407e-11,67
P-value,False,0.23828771509653793,0.052157154711790575,0.6102744502807548,4.1867029324597305e-08,0.46999498540069895,4.519489169943253e-07,67
RMSD,False,0.5395358385016484,2.4617008574582195e-06,0.7496258157217266,2.9102401219723443e-13,0.5490018148820327,5.7813977192707395e-11,67
TM-score,True,0.968672460489286,4.846777087790692e-41,0.6584366168457071,1.3970993181445296e-09,0.5047884210495663,2.8498239396298447e-09,67
