metric,orientation,pearson_coef,pearson_pvalue,spearman_coef,spearman_pvalue,kendall_coef,kendall_pvalue,n_models
Clash_Score,False,0.7740988652250322,1.5664221171546103e-14,0.6944265197243822,7.161039351969124e-11,0.5445174242771825,6.488877932354026e-10,67
DI_all,False,0.756195688732435,1.3737708871128083e-13,0.8057088854047658,1.9951222824458612e-16,0.624347803085844,1.1003188342068532e-13,67
INF_all,True,0.8726624010972746,6.561215690428242e-22,0.5929039655249189,1.2470671811124668e-07,0.43977705648938703,4.86572882014433e-07,67
INF_stacking,True,0.8664321756226621,2.800001306473247e-21,0.5506839273384385,1.3773184390805213e-06,0.403908853650706,3.6216070310598407e-06,67
INF_wc,True,0.8173769512779491,3.2414998078957307e-17,0.7044135819260408,2.9044359105058636e-11,0.5684919511914529,2.069720352016515e-09,67
mcq,False,0.8207308656154753,1.8768990552784176e-17,0.6928333113605064,8.242105603871053e-11,0.4886672633599296,8.004995740359596e-09,67
P-value,False,0.664137719050324,8.965569682145007e-10,0.6148252449405568,3.111173942528537e-08,0.49055906089749407,5.739502560850643e-07,67
RMSD,False,0.7629941450984284,6.159952638494528e-14,0.7844225474647312,4.0839638700738605e-15,0.6019123853835506,7.900837788961902e-13,67
TM-score,True,0.23827056724946194,0.052174584408264446,0.07376538858264582,0.5530191907463236,0.04433821169877184,0.6024958985007551,67
