metric,orientation,pearson_coef,pearson_pvalue,spearman_coef,spearman_pvalue,kendall_coef,kendall_pvalue,n_models
Clash_Score,False,0.7179229899082438,8.061297134006324e-12,0.30463622265482654,0.012192772904154,0.19928143806826565,0.018882782912357034,67
DI_all,False,0.7592563303001445,9.60533160089441e-14,0.8204769989571961,1.9569293910901907e-17,0.6280392279406896,7.370713509938715e-14,67
INF_all,True,0.8127092390320397,6.808508399818207e-17,0.6925320746151158,8.463296076287215e-11,0.5048769920574767,2.7156502214379943e-09,67
INF_stacking,True,0.8203298796231027,2.0048005541353312e-17,0.7138693433644523,1.1933782982661959e-11,0.5205773842669004,6.863929942133486e-10,67
INF_wc,True,0.7337625469861621,1.6265688742113475e-12,0.37577187675855045,0.001726489794002179,0.23167255502737644,0.006920303934889345,67
mcq,False,0.6631633862684108,9.678240097468089e-10,0.6614342180146399,1.107769960026565e-09,0.45646767380731385,5.478168501692667e-08,67
P-value,False,0.5710838155706409,4.4996706195264486e-07,0.7286739284981978,2.753439978926209e-12,0.5689066302736109,3.3064828672511896e-09,67
RMSD,False,0.8992885799741224,4.927858248582605e-25,0.8200179629324814,2.1100506250439893e-17,0.6298569970519506,6.249472541299801e-14,67
TM-score,True,0.9826954940219781,2.524404384618805e-49,0.9475428313706798,6.583627180476867e-34,0.8080199383956788,7.626268414650578e-22,67
