metric,orientation,pearson_coef,pearson_pvalue,spearman_coef,spearman_pvalue,kendall_coef,kendall_pvalue,n_models
Clash_Score,False,0.7478066521894351,3.568043875821497e-13,0.5438768220085674,1.9683705437187698e-06,0.3826925196889595,6.060583455209847e-06,67
DI_all,False,0.8978904091606709,7.542565401534654e-25,0.8515406723177348,6.811730235692377e-20,0.6768044274215743,7.00292753307369e-16,67
INF_all,True,-0.06007952789142304,0.6291283001005364,0.3604983862863546,0.0027288386167312706,0.275307168964208,0.0011477500444242925,67
INF_stacking,True,0.9176885413538174,6.356601769724929e-25,0.7128379593622338,1.6675019401330798e-10,0.5254308439709152,4.271019889495941e-09,60
INF_wc,True,0.8670958816432959,3.3448426093335187e-19,0.4677367726810488,0.00016440837039485186,0.29675217067890847,0.0010642842754397146,60
mcq,False,0.6082421966516827,4.773117418975485e-08,0.6460884443588677,3.5375110391170275e-09,0.4463155707205745,1.0909943110319288e-07,67
P-value,False,0.7072753351587837,2.2272080682069742e-11,0.6856115290838395,1.5416527976739039e-10,0.5672068872854866,1.0390070132683368e-08,67
RMSD,False,0.8969673433874314,9.956456099085997e-25,0.8438058175344009,3.12490668005757e-19,0.66742339971793,1.763811886338786e-15,67
TM-score,True,0.23935502418418003,0.05108162717700436,0.08498401458254697,0.4941193021624799,0.06328868878091762,0.4573264446602112,67
