metric,orientation,pearson_coef,pearson_pvalue,spearman_coef,spearman_pvalue,kendall_coef,kendall_pvalue,n_models
Clash_Score,False,0.77473199010368,1.4454160748717386e-14,0.7050281906116982,2.7441906816026902e-11,0.5597294098050395,2.1628310875455096e-10,67
DI_all,False,0.7571464689384082,1.2299397666296409e-13,0.7854961531424088,3.5362003249066814e-15,0.6040070261942422,6.733995659410231e-13,67
INF_all,True,0.8733412757393,5.576030197395888e-22,0.5870352750974341,1.7774869694558538e-07,0.43266580692317164,7.455148746112074e-07,67
INF_stacking,True,0.867026624293017,2.4457327569481547e-21,0.5464940978269559,1.717457939098308e-06,0.3968204526388754,5.371397023908054e-06,67
INF_wc,True,0.818253397322936,2.81322223234612e-17,0.7027092614178869,3.396903289256966e-11,0.5642373796658017,2.745885143896512e-09,67
mcq,False,0.8201504401592696,2.064714974712328e-17,0.7112658698877999,1.5299125776067834e-11,0.516800269702546,1.066374585103873e-09,67
P-value,False,0.6646248718392259,8.628257156550312e-10,0.6141875775410514,3.244262550815372e-08,0.4880924844237083,6.573205389897143e-07,67
RMSD,False,0.764099482752526,5.393181039018634e-14,0.7637506998940771,5.6246558375087736e-14,0.5815711852546109,4.537835919049697e-12,67
TM-score,True,0.23935502418418003,0.05108162717700436,0.08498401458254697,0.4941193021624799,0.06328868878091762,0.4573264446602112,67
