metric,orientation,pearson_coef,pearson_pvalue,spearman_coef,spearman_pvalue,kendall_coef,kendall_pvalue,n_models
Clash_Score,False,0.7470452281513964,3.8837435526705556e-13,0.5539578824289879,1.1567088433628785e-06,0.38672954596154313,4.808737111519625e-06,67
DI_all,False,0.8973947811490999,8.75807033728787e-25,0.8539469351932356,4.166447010535424e-20,0.6734740359449922,9.553654748307219e-16,67
INF_all,True,-0.05870549098572565,0.6370056668836458,0.3824488937409345,0.0014035066038317208,0.2876306877439056,0.0006792317095961964,67
INF_stacking,True,0.9212841341273384,2.328213041995597e-28,0.6846173200039112,1.678096896050785e-10,0.49395415163829876,4.924127004972636e-09,67
mcq,False,0.6089286635910793,4.566849797464497e-08,0.6387369811480016,6.030428275481344e-09,0.44575940546200293,1.1243524549874947e-07,67
P-value,False,0.7066854222191553,2.353102557402529e-11,0.6864161570973387,1.4390397999837577e-10,0.5702025350169231,8.627659144154094e-09,67
RMSD,False,0.896506490898757,1.142568840922645e-24,0.8619781272451505,7.561066470927208e-21,0.6913300045392646,1.669974723019541e-16,67
TM-score,True,0.23825026520012765,0.05219522630117226,0.07320549948524432,0.5560443832962332,0.04249078621132301,0.6176990493373034,67
