metric,orientation,pearson_coef,pearson_pvalue,spearman_coef,spearman_pvalue,kendall_coef,kendall_pvalue,n_models
Clash_Score,False,0.6363815002537903,1.880310351222575e-09,0.004359436837359254,0.9710082161195643,0.003946452835417718,0.961201874771124,72
DI_all,False,0.707332546807024,3.7724333001934215e-12,0.7217933966996183,8.438002254677877e-13,0.5319743463095051,4.2969083003902705e-11,72
INF_all,True,0.7559163143455926,1.6460413143997037e-14,0.5282655088140747,1.8490510269665286e-06,0.3467365986144719,1.8664938570204002e-05,72
INF_stacking,True,0.6612948205877215,2.5668081665928305e-10,0.4951493211876761,9.79073979719766e-06,0.3186689371727666,8.62664773932301e-05,72
INF_wc,True,0.5396996141181071,9.97154755574104e-07,0.1686665262809242,0.15668633384380082,0.0885576356254852,0.3000832102392792,72
mcq,False,0.350261365274543,0.002559465344379431,0.47006507535244757,3.097870173742889e-05,0.3050338031385156,0.00016075170414534543,72
P-value,False,0.2290258150942653,0.05297278657556355,0.5249278429388086,2.204955224481365e-06,0.41665688289139596,1.0691313496632487e-05,72
RMSD,False,0.7026279133415642,6.023195169422288e-12,0.7063449407988799,4.164938772216772e-12,0.5175605539159867,1.4209828644337159e-10,72
TM-score,True,0.6045475586730613,1.8712368737561106e-08,0.5502131457872561,5.537253387456107e-07,0.40001441555887557,8.204233776324513e-07,72
