metric,orientation,pearson_coef,pearson_pvalue,spearman_coef,spearman_pvalue,kendall_coef,kendall_pvalue,n_models
Clash_Score,False,0.2620480412770686,0.12260761229366547,-0.08147489444958672,0.6366529306484161,-0.07581443976737573,0.5211262665045343,36
DI_all,False,0.7573789076666586,8.945888054353045e-08,0.9418200540610117,1.1434438967593847e-17,0.7965023847376788,8.772136909469728e-12,36
INF_all,True,-0.29066064884513865,0.08547479820743609,0.13402858690772734,0.43579311281421085,0.0972891711851258,0.40578340849170913,36
INF_stacking,True,0.03752292766368738,0.8305456522448585,0.12535059318664624,0.47307223375966045,0.08503844096147598,0.4769785807784517,35
INF_wc,True,0.2521758567705717,0.1438920575945765,0.17659210476517873,0.31020375672699374,0.13578553103225113,0.2821002603485039,35
mcq,False,0.30116514469969974,0.07427452495382308,0.3816145356335292,0.021643723771376543,0.2741043688013978,0.019076897509688655,36
P-value,False,0.22592192899371594,0.18520505203490661,0.9549433652763245,1.6407859513152565e-19,0.8200647339461714,2.260967613829376e-12,36
RMSD,False,0.7853268483696287,1.4130765653003756e-08,0.9552065902947612,1.488246162266172e-19,0.8219395866454688,1.8772850727273927e-12,36
TM-score,True,0.35694111280983837,0.03259621572776686,0.4908915443962545,0.002366804550578608,0.3410368309505764,0.0035429768352391367,36
