metric,orientation,pearson_coef,pearson_pvalue,spearman_coef,spearman_pvalue,kendall_coef,kendall_pvalue,n_models
Clash_Score,False,0.2648444239965201,0.38186698650990936,-0.532342735012904,0.06109628634526171,-0.3773611773764385,0.09455063231163051,13
DI_all,False,-0.37308807787800463,0.20926268481905072,-0.45395994828956354,0.11918126976534785,-0.3149448894660933,0.16089174846222754,13
INF_all,True,0.17114118705132347,0.5761377891969011,0.1553020875727454,0.6124208740017252,0.10498162982203108,0.6402426470218461,13
INF_stacking,True,-0.04747031098333837,0.8776131855289735,-0.0477852577146909,0.876806733776651,-0.04499212706658475,0.8412483427897663,13
INF_wc,True,0.7072426486541935,0.00685678356660142,0.656772795912124,0.014742411483982528,0.5200089967732733,0.02253625196168197,13
mcq,False,0.5417380704836362,0.0558390605384452,0.4300673194322181,0.14242429135517246,0.28495013808837005,0.2046025382728237,13
P-value,False,,,,,,,13
RMSD,False,-0.46070329708517876,0.11311277194595264,-0.5316109920759362,0.06151990607003058,-0.37493439222153957,0.09508937946503992,13
TM-score,True,-0.18084812736521166,0.5543426925683712,-0.23925516180355233,0.43112782497636604,-0.196227812235748,0.38464444391960806,13
