metric,orientation,pearson_coef,pearson_pvalue,spearman_coef,spearman_pvalue,kendall_coef,kendall_pvalue,n_models
Clash_Score,False,0.28484116746171967,0.3695281217031105,0.3901587747737931,0.20990134804981508,0.35659986194397436,0.11221915991523665,12
DI_all,False,0.4670859527506808,0.1257793540551935,0.22456278586320122,0.48287671011556343,0.1846372364689991,0.40836892116002044,12
INF_all,True,-0.2051442079812682,0.5224293823525178,-0.41403763643527736,0.18087697573957953,-0.27695585470349865,0.2149195213707229,12
INF_nwc,True,,,,,,,0
INF_stacking,True,-0.13177496016160897,0.6831019234100201,-0.3754409076150396,0.22911845341491388,-0.24618298195866545,0.2703067111039217,12
INF_wc,True,-0.42717053029417185,0.16604278847945386,-0.47887323943661964,0.11524446512825662,-0.375,0.09667350062716336,12
mcq,False,-0.23778289162820915,0.4567605805976683,-0.21754519880497622,0.49701028756286414,-0.1846372364689991,0.40836892116002044,12
P-value,False,,,,,,,12
RMSD,False,0.5770967514514541,0.04945554168979587,0.4070200493770522,0.1891310499791825,0.3692744729379982,0.09822207705620688,12
TM-score,True,0.3467700737698163,0.2694654252862623,0.6467496807061074,0.02303252128517546,0.44962591288588066,0.045216421534026816,12
