metric,orientation,pearson_coef,pearson_pvalue,spearman_coef,spearman_pvalue,kendall_coef,kendall_pvalue,n_models
Clash_Score,False,0.0708925302729751,0.6903272317320674,0.23515049632326393,0.1806599877313612,0.1609571690137269,0.18594384692618116,34
DI_all,False,0.7714275378332167,9.287901421467848e-08,0.2983957219251337,0.08650144144999314,0.20855614973262035,0.08283652037352116,34
INF_all,True,0.6236962800330321,8.117968845896042e-05,0.39810433984151977,0.019710310399168846,0.2941762009193352,0.014963575774896367,34
INF_stacking,True,0.16400354970423503,0.35401791334217186,0.3286205818822109,0.05775161855175649,0.21128233160857784,0.08007584342373418,34
INF_wc,True,0.6892345322494717,6.552338926440288e-06,0.41041893953388536,0.015912471166469645,0.28759711058933846,0.018759213150983858,34
mcq,False,-0.40795356013014183,0.016619292516822582,-0.34178762414056535,0.04787927210564032,-0.2620320855614973,0.02931732121887646,34
P-value,False,0.657022486702097,2.4343908161162073e-05,0.21413834196138484,0.2239492497634611,0.1449025374534847,0.229597579461705,34
RMSD,False,0.6744642960531617,1.2201073524589117e-05,0.21283422459893048,0.22685031349802773,0.14795008912655974,0.21853657565963125,34
TM-score,True,0.02144437687231214,0.9041839391973796,-0.08386404823355335,0.6372491238876024,-0.06589694089399754,0.5919437563892933,34
