metric,orientation,pearson_coef,pearson_pvalue,spearman_coef,spearman_pvalue,kendall_coef,kendall_pvalue,n_models
Clash_Score,False,0.45365926260787337,6.276296968645427e-05,0.3532584535686696,0.002335929175374186,0.24169672402932332,0.0035208706534719685,72
DI_all,False,0.786471096372028,2.6875387027710847e-16,0.9038201813621456,1.6415789774435474e-27,0.7488262910798122,1.347168507497409e-20,72
INF_all,True,0.3263637942658184,0.005144045464735336,0.7648203865142137,5.291816440167682e-15,0.5919877179491245,2.410317983194204e-13,72
mcq,False,0.36752543448234687,0.0014936349779004045,0.45672481716652,5.5155297932003595e-05,0.3107632331955871,0.00011342350065240472,72
P-value,False,0.6271543517595457,3.759462472366935e-09,0.8805494296397683,2.1523348378424334e-24,0.7171011732448773,2.1713246340086254e-18,72
RMSD,False,0.8697379580586566,3.693873543037778e-23,0.8812695452528104,1.763897783461553e-24,0.7141459733640433,7.19207675821241e-19,72
TM-score,True,0.6460885181298701,8.844377933656217e-10,0.6328544050432868,2.4571133487686935e-09,0.45701109814825625,1.5160243492431924e-08,72
