metric,orientation,pearson_coef,pearson_pvalue,spearman_coef,spearman_pvalue,kendall_coef,kendall_pvalue,n_models
Clash_Score,False,0.4605333494094021,4.689447662494245e-05,0.35442856347596013,0.002253517056624836,0.24093143323895602,0.0036328551950418598,72
DI_all,False,0.7885150858731964,1.99274992281116e-16,0.9034415673451572,1.871256564885444e-27,0.7493641309545989,1.2855871809044574e-20,72
INF_all,True,0.33062330244081223,0.0045600627251519855,0.7604117546165705,9.338697438523038e-15,0.5869924358154645,3.8516977867476667e-13,72
INF_nwc,True,,,,,,,0
INF_stacking,True,0.7791329587992589,7.660932728367985e-16,0.7642920417227769,5.668263847925113e-15,0.5795081589489138,7.12822200865729e-13,72
mcq,False,0.36103355605510246,0.0018353134751978605,0.45388257805613386,6.217755298734954e-05,0.3104325759211104,0.00011567970403814552,72
P-value,False,0.6312787025388447,2.76605261900968e-09,0.8826339791088229,1.2054638467834988e-24,0.720047915259277,1.6009774749275164e-18,72
RMSD,False,0.8724927754665677,1.8349698169683786e-23,0.8830774177988583,1.0641042369566382e-24,0.7170254403131116,5.289973306326525e-19,72
TM-score,True,0.6531435730915823,5.025423321407601e-10,0.629032264652351,3.27107317529056e-09,0.45356624165369896,1.953776662336947e-08,72
