metric,orientation,pearson_coef,pearson_pvalue,spearman_coef,spearman_pvalue,kendall_coef,kendall_pvalue,n_models
Clash_Score,False,-0.28896623413725786,0.009332533496568901,-0.21270014696886438,0.05819271649427418,-0.12321808979205076,0.115986272427762,80
DI_all,False,0.6684380625129375,1.2447147779776988e-11,0.9209617965570507,1.1539005691950093e-33,0.760563389805456,1.795679858417263e-23,80
INF_all,True,0.36382488204542895,0.000908587001402813,0.4790880345497815,6.934351941066389e-06,0.3446536020747157,6.400263163403616e-06,80
INF_stacking,True,0.45003005029651916,2.8113153235505248e-05,0.5454321691623343,1.67899603724105e-07,0.38199436553751853,5.532161860562943e-07,80
INF_wc,True,0.079595793631051,0.4827811649698335,0.050893683746392616,0.6539126043679855,0.016619491915109575,0.8288198489289524,80
mcq,False,0.5100090131838928,1.3494914441156188e-06,0.53773170260946,2.695738021387068e-07,0.38645355761650513,3.9182603423615215e-07,80
P-value,False,0.22758439889854995,0.042329540228827595,0.9067798100238339,5.475750433830721e-31,0.7415730429938342,2.1496043705536894e-22,80
RMSD,False,0.7648352392051024,1.4864183371530743e-16,0.9067798100238339,5.475750433830721e-31,0.7415730429938342,2.1496043705536894e-22,80
TM-score,True,0.5685772238816986,3.7578852096426576e-08,0.600225090567246,3.9892095975889555e-09,0.4238988555413025,2.9594530014734512e-08,80
