metric,orientation,pearson_coef,pearson_pvalue,spearman_coef,spearman_pvalue,kendall_coef,kendall_pvalue,n_models
Clash_Score,False,0.2780839643231605,0.048172148039810084,0.4187139325804257,0.0022286673302603552,0.313787508456739,0.0015138018794008917,51
DI_all,False,0.8264788010434106,8.076474405754264e-14,0.9533031674208144,3.9440557769886115e-27,0.8321568627450981,6.833266407054431e-18,51
INF_all,True,0.7489122222709137,2.613965482229864e-10,0.8684121381249365,1.531207261350544e-16,0.7073205759780885,2.7942762070463146e-13,51
INF_stacking,True,0.5868130189082695,6.020484285270313e-06,0.7236142902220898,1.984228204351969e-09,0.5065177431143314,1.8135338641152195e-07,51
INF_wc,True,0.6879260196099177,2.4407623307875765e-08,0.8281186362569004,6.530178887375341e-14,0.6649069654305327,1.2044147705405748e-11,51
mcq,False,0.414617535492977,0.002486427090106908,0.5373546319814423,4.785671732989029e-05,0.369701840733859,0.00013034076665492572,51
P-value,False,0.41628851696332847,0.002378254357546619,0.8528268845952943,1.9696024086702557e-15,0.6874227118149882,2.574932042321201e-12,51
RMSD,False,0.8685943291085362,1.4833470192060876e-16,0.8549321266968325,1.4195282351010465e-15,0.6941176470588237,6.567180223614159e-13,51
TM-score,True,0.8488593811242222,3.601891351099197e-15,0.7928131918466309,4.102375827998159e-12,0.5977214937606147,6.639751857548243e-10,51
