metric,orientation,pearson_coef,pearson_pvalue,spearman_coef,spearman_pvalue,kendall_coef,kendall_pvalue,n_models
Clash_Score,False,0.16150699006905256,0.3692238433085896,0.42905441512270764,0.01271934952867793,0.2606821054857324,0.037565542016628733,33
DI_all,False,0.5264602421041573,0.0016482750058720845,0.5741978609625669,0.0004755069401875672,0.4318181818181819,0.000296326847971622,33
INF_all,True,0.8696653983236207,5.070183337361513e-11,0.8487128525168104,4.389632443118858e-10,0.6577994318394755,8.156012451685294e-08,33
INF_stacking,True,0.7083697852908953,3.9826071096917075e-06,0.8348930481283423,1.5378098349641476e-09,0.6439393939393939,1.072438492886974e-08,33
INF_wc,True,0.943489283434375,2.029839139223422e-16,0.7197158312052101,2.3519389741906383e-06,0.5522264646333693,8.603059986037915e-06,33
mcq,False,0.4785459553316156,0.0048456383664434045,0.589572192513369,0.0003056280908219701,0.41287878787878785,0.0005663500152443642,33
P-value,False,-0.19610888006231214,0.2740491755623549,-0.06985294117647059,0.699293354344076,0.007575757575757577,0.9632278573873886,33
RMSD,False,-0.08095113069313817,0.6542727601030373,-0.06985294117647059,0.699293354344076,0.007575757575757577,0.9632278573873886,33
TM-score,True,0.8970573982279126,1.5931931419632186e-12,0.9278609854978876,8.007262774828391e-15,0.7528571532035615,8.292376155906123e-10,33
