metric,orientation,pearson_coef,pearson_pvalue,spearman_coef,spearman_pvalue,kendall_coef,kendall_pvalue,n_models
Clash_Score,False,0.40338593548436064,0.00012920586578266406,0.3377810217952119,0.0015693188572276874,0.2394304569222275,0.001309552532232984,85
DI_all,False,0.5490711977019558,5.293810175868642e-08,0.9002506559671232,1.0255607452210676e-31,0.7337543931917946,3.320486914571245e-23,85
INF_all,True,0.6084863449094371,6.514148626130213e-10,0.7728321346805781,4.547041796407343e-18,0.5580313571412407,5.410496214431803e-14,85
INF_nwc,True,0.07381909246823559,0.5019540092543535,0.12031118567201347,0.27273736941788773,0.09808909238585532,0.271734363629236,85
INF_stacking,True,0.4259847499566919,4.81015455465412e-05,0.6682174819073106,2.8116298884260676e-12,0.44153578833252444,2.6862622528875916e-09,85
INF_wc,True,0.6004013030915862,1.2499857448247495e-09,0.7775974064272989,2.0962733762804925e-18,0.5859542132919284,3.976005543252899e-14,85
mcq,False,0.1985055588360032,0.06857605453845915,0.33093244044344095,0.0019778827925826096,0.18434742652931166,0.012760422167101281,85
P-value,False,0.38325393900965976,0.0002941660479141372,0.8752607997656838,6.510148725495036e-28,0.692221313449816,8.18503947120638e-21,85
RMSD,False,0.7571196919266509,5.1432643644670093e-17,0.8753023262736224,6.4264182562417255e-28,0.6922105331334987,7.91468583694162e-21,85
TM-score,True,0.6436849660729962,3.041284485234102e-11,0.7394259951793166,6.39802697632506e-16,0.5254140941266471,1.3929528570012186e-12,85
lDDT,True,0.8055046749628003,1.4820887827186735e-20,0.9316530440815399,3.0058641241610784e-38,0.7948262473529372,7.479632335116702e-27,85
