metric,orientation,pearson_coef,pearson_pvalue,spearman_coef,spearman_pvalue,kendall_coef,kendall_pvalue,n_models
Clash_Score,False,0.04564635743897332,0.6993624680376008,0.1457853474215087,0.2152061834700817,0.11639867539922022,0.14516031079251573,74
DI_all,False,0.6420154909824013,7.061607337522166e-10,0.7822133363167545,1.8987464972737528e-16,0.5973689189072973,5.3456425129824064e-14,74
INF_all,True,0.5093476357139358,3.5777616538957716e-06,0.5653304139926052,1.5391851207116071e-07,0.40453295130171707,3.7116393258259664e-07,74
INF_stacking,True,0.4140200754493255,0.0002455082526565671,0.500648192894176,5.556797144512538e-06,0.3424807180015518,1.8163315556873494e-05,74
INF_wc,True,0.4513572451184177,6.126719656079671e-05,0.4053630271595768,0.00037415969725524426,0.2909726927766654,0.0004095283649796192,73
mcq,False,0.1235347589582857,0.29435430482931546,0.022985782000605134,0.8458701208138686,0.025959581246257222,0.7438903385655596,74
P-value,False,0.3521176395945594,0.002093479953170318,0.7157466030038138,7.678935529699634e-13,0.5277005834516075,3.015868919456643e-11,74
RMSD,False,0.6798990225722001,2.711835707991059e-11,0.7157466030038138,7.678935529699634e-13,0.5277005834516075,3.015868919456643e-11,74
TM-score,True,0.6052207084464396,1.1174475507152076e-08,0.6375253169775451,1.0088788091887457e-09,0.44283573058664927,2.8318202924860413e-08,74
