metric,orientation,pearson_coef,pearson_pvalue,spearman_coef,spearman_pvalue,kendall_coef,kendall_pvalue,n_models
Clash_Score,False,-0.03998941267100444,0.778349626160802,0.09815690753499075,0.48875667065377326,0.07295043443241038,0.44835681896299573,52
DI_all,False,0.6858651995361562,2.0116804882039348e-08,0.804576112012294,6.669554754993317e-13,0.616892911010558,1.0829007861742156e-10,52
INF_all,True,0.5517615424094585,2.2360942118023253e-05,0.639117164963805,3.4098227499429435e-07,0.4673464680660822,1.0341177236855902e-06,52
INF_stacking,True,0.5246854126582575,6.525643605349981e-05,0.5770413918752983,7.536879035027622e-06,0.4060805575580771,2.3976395520101475e-05,52
mcq,False,0.3219899638999601,0.01992104988457981,0.25032015709041233,0.07348297705074612,0.18401206636500753,0.05417650774005282,52
P-value,False,0.24748865029424966,0.07690807012683618,0.7233842738837188,1.3806274422924833e-09,0.5339366515837104,2.3118264624450837e-08,52
RMSD,False,0.6772712458223867,3.517023413477088e-08,0.7233842738837188,1.3806274422924833e-09,0.5339366515837104,2.3118264624450837e-08,52
TM-score,True,0.6359845007574656,4.052822834016477e-07,0.7195064739030338,1.857560814422174e-09,0.5079378138184881,1.1342019637041438e-07,52
