metric,orientation,pearson_coef,pearson_pvalue,spearman_coef,spearman_pvalue,kendall_coef,kendall_pvalue,n_models
Clash_Score,False,0.20553605875287914,0.03542911571075086,0.19951903836408472,0.041295232533413766,0.13328259642210585,0.048753542543959735,105
DI_all,False,0.37827271450002375,6.931319069164685e-05,0.7950259045898166,4.254511112094217e-24,0.6390695145401689,4.428524886909338e-22,105
INF_all,True,0.35437815068438766,0.00020812152075515948,0.6398538106185317,2.0124834011260892e-13,0.47087190217781105,1.291291278529002e-12,105
INF_nwc,True,,,,,,,0
INF_stacking,True,0.3326104911325404,0.000526896767391307,0.5954984887996232,2.0792498187051442e-11,0.4314762535695769,8.037055169913191e-11,105
mcq,False,0.22650809654073745,0.02015128213593182,0.3427484358742533,0.00034473238487796976,0.23309512285683914,0.00042812794042478914,105
P-value,False,0.19203019867475823,0.049707281368207595,0.6906537495315184,3.5769107941861504e-16,0.4998635564918122,4.831747058019739e-13,105
RMSD,False,0.8124774515718696,7.012065824041758e-26,0.7285544710474343,1.2698669605365848e-18,0.5590767539842462,2.895190732557515e-17,105
TM-score,True,0.8500070647828504,1.9522978654448506e-30,0.8253420675390014,2.557678660249243e-27,0.6468493176051259,1.6523315262690525e-22,105
