metric,orientation,pearson_coef,pearson_pvalue,spearman_coef,spearman_pvalue,kendall_coef,kendall_pvalue,n_models
Clash_Score,False,0.20020009538473868,0.04059301623783117,0.20807478478617764,0.033173212233113536,0.13609391571962706,0.044168699319769786,105
DI_all,False,0.38127758847928583,5.999168558748503e-05,0.81577856106158,3.073244791772804e-26,0.6648351648351647,9.087461480927827e-24,105
INF_all,True,0.3604584942858875,0.00015861061025655905,0.6273011523765963,8.060624699111375e-13,0.4614563102049101,3.551437652079862e-12,105
INF_stacking,True,0.33677915238860234,0.00044332542322413207,0.5882959872802671,4.135003275101734e-11,0.4231646245543258,1.8265790321278935e-10,105
mcq,False,0.22769692825780005,0.019488950783770137,0.32401933471690575,0.0007464714890483096,0.21933121861483995,0.0009183185686547217,105
P-value,False,0.19555448776917125,0.04558709504789063,0.7179867920934021,6.713400787544917e-18,0.5318045473200723,1.4415639395846303e-14,105
RMSD,False,0.821243128554688,7.559630673116147e-27,0.755532748117684,1.2404599611819579e-20,0.5888817681990952,5.484161485059052e-19,105
TM-score,True,0.8480386945641537,3.625107564424326e-30,0.8250107577082425,2.7947435789062118e-27,0.6444047544908624,2.3558797000677455e-22,105
