metric,orientation,pearson_coef,pearson_pvalue,spearman_coef,spearman_pvalue,kendall_coef,kendall_pvalue,n_models
Clash_Score,False,0.5616983517099502,0.05736067929473242,0.3082316460688724,0.3296982912322304,0.22901430620717222,0.3025337411745721,12
DI_all,False,0.8327202616288079,0.0007733596019429884,0.3916083916083916,0.2080634636953532,0.2727272727272727,0.24957952123750735,12
INF_all,True,0.6536900931335372,0.02113636297811163,0.2797202797202798,0.37856866966230307,0.2121212121212121,0.38070480349126185,12
INF_stacking,True,0.5742448748572696,0.05085805945579819,0.416813248661316,0.1776753737252057,0.32062002869004114,0.1489018745176366,12
INF_wc,True,0.6496045055834848,0.022238195221689572,-0.07844645405527362,0.8085234470828758,-0.048075441484815705,0.8332316252704,12
mcq,False,0.42750016024450727,0.16568068487052548,-0.03502632341691732,0.9139432528752413,0.04580286124143445,0.8366323297132776,12
P-value,False,0.7646511288314007,0.003770595621624742,0.4685314685314686,0.124454791188834,0.3636363636363636,0.11595087782587783,12
RMSD,False,0.7825011738863794,0.0026257709530058907,0.4685314685314686,0.124454791188834,0.3636363636363636,0.11595087782587783,12
TM-score,True,0.29401473816191837,0.3536187219882081,0.1398601398601399,0.6646331617926677,0.1212121212121212,0.6383612539081289,12
