metric,orientation,pearson_coef,pearson_pvalue,spearman_coef,spearman_pvalue,kendall_coef,kendall_pvalue,n_models
Clash_Score,False,0.14446742213983876,0.44625887488455257,0.3658355432693149,0.046795436550903534,0.24451173754482217,0.08086573441093967,30
DI_all,False,0.8963203835891236,2.1331143411076216e-11,0.676016113255538,4.129574144584311e-05,0.5756992852729925,3.67778452708896e-05,30
INF_all,True,0.36427286800297826,0.04781412106174325,0.4235842607008906,0.019673872104529123,0.29674435232478225,0.033957464100423725,30
INF_stacking,True,0.3880600399821154,0.03408899752569091,0.5481731181305312,0.0017123177226089456,0.4632798265264329,0.0009527528932162415,30
INF_wc,True,0.28092586488050325,0.13263704805573812,-0.24596938307743352,0.1901211930228135,-0.18723074147560687,0.22546537688028478,30
mcq,False,0.12000431453899618,0.5276152503873768,0.07245650542179287,0.7035756494219874,0.06787840814050385,0.6259578885812748,30
P-value,False,,,,,,,30
RMSD,False,0.9491383770142621,1.3894257681843577e-15,0.835672436681779,9.108981148575198e-09,0.6890296265898405,8.050678020168513e-07,30
TM-score,True,0.26143786740870667,0.16285973374918444,0.4111440353354559,0.024001510478359724,0.30223526241349447,0.032066021660850555,30
