metric,orientation,pearson_coef,pearson_pvalue,spearman_coef,spearman_pvalue,kendall_coef,kendall_pvalue,n_models
Clash_Score,False,-0.3791827038392407,0.061573752198822086,-0.43737986838630166,0.028784618986820425,-0.3181162918246473,0.027725432476183576,25
DI_all,False,0.19022827018047697,0.36239950244265073,0.2262843990322639,0.27673501435979664,0.14070371497887774,0.3262425257043131,25
INF_all,True,0.09419785349065483,0.6542437428169947,0.1554614475733787,0.45806219364427025,0.0912182984692204,0.5273391813059455,25
INF_stacking,True,-0.20923314581752578,0.3154880336131502,-0.18822170900692842,0.3675787039657008,-0.11744966442953021,0.41317785339915536,25
INF_wc,True,0.37307621813414504,0.06623310901748511,0.493836818358958,0.012110379930719574,0.34401789309915387,0.016978100905893898,25
mcq,False,-0.08286608284221628,0.693731135115006,-0.13969598103522415,0.5054124218407736,-0.17420459949765815,0.22419412349377854,25
P-value,False,0.15813720339915205,0.45026363929089136,0.1012603665663405,0.630074344463962,0.07689867651332329,0.6296619394144125,25
RMSD,False,0.18082185610800938,0.38704721400021075,0.24514143228495255,0.23756955936011137,0.1541040687863899,0.2822822138187332,25
TM-score,True,-0.18412196084082033,0.37829348614077923,0.06986143187066975,0.7400178618805375,0.06375838926174497,0.6568779979394817,25
