metric,orientation,pearson_coef,pearson_pvalue,spearman_coef,spearman_pvalue,kendall_coef,kendall_pvalue,n_models
Clash_Score,False,0.12334556000518047,0.3836618780470583,0.21582442223128018,0.12437350412013874,0.14388514994965304,0.1336455650621468,52
DI_all,False,0.7093424596377584,3.951783612690345e-09,0.7385429800196263,4.119458647853245e-10,0.5654967763836762,3.4010249761721065e-09,52
INF_all,True,0.7304247715713734,7.952369467132311e-10,0.7935952242734474,2.2751290197718357e-12,0.5772742181688111,1.7961578759142843e-09,52
INF_stacking,True,0.6443542178320327,2.543326936536018e-07,0.6869168211259498,1.8763147982495116e-08,0.4434366443955633,4.002433110173917e-06,52
INF_wc,True,0.7105501713688963,3.61882169776824e-09,0.8383295599677782,8.907443043193569e-15,0.6397261570952788,3.558788496362854e-11,52
mcq,False,0.38882364598817815,0.004389542997443647,0.36642329666923484,0.0075466371945013,0.25047310876213574,0.008982180528783124,52
P-value,False,0.3505975567729037,0.010828506885845792,0.6170616059583529,1.1057408800581458e-06,0.4470673451563714,4.911208547233631e-06,52
RMSD,False,0.6117423546783147,1.4490463230070164e-06,0.6258111344500653,7.009877399726662e-07,0.4539276219205758,2.104439627987352e-06,52
TM-score,True,0.6204593684938857,9.279022504729784e-07,0.47341225007487364,0.0003931946092092018,0.3391697746292203,0.0004281082131181796,52
