metric,orientation,pearson_coef,pearson_pvalue,spearman_coef,spearman_pvalue,kendall_coef,kendall_pvalue,n_models
Clash_Score,False,0.0402177181560129,0.7771165407277526,0.1308255612201988,0.35525465183779104,0.04540311043401167,0.6357731300655918,52
DI_all,False,0.7390079139741641,3.964274525974959e-10,0.784828499036857,5.7540587434112074e-12,0.5967559836110901,4.31912297035447e-10,52
INF_all,True,0.7595414501756224,6.68027659288681e-11,0.8509457448725833,1.3668012298217027e-15,0.6457258974539973,1.6599067435534817e-11,52
INF_stacking,True,0.6639605260065035,8.061927406982302e-08,0.7304251757025326,7.95211375319041e-10,0.4984895799498681,2.1331536434097208e-07,52
INF_wc,True,0.7458947386627965,2.223144686677798e-10,0.881449727814187,6.495293233524826e-18,0.7101854228555811,1.8985312588955432e-13,52
mcq,False,0.33169186690600094,0.016298618934422318,0.29211852344479006,0.03560899306130907,0.20869602505746387,0.02937204415063657,52
P-value,False,0.37353920957670067,0.006378646517862534,0.6488744722900277,1.9657989201185056e-07,0.47319115595582023,1.3058073153667136e-06,52
RMSD,False,0.6338786389771349,4.5469630816934795e-07,0.6590821771611527,1.0814237150295603e-07,0.48226415094339614,4.5898060200302794e-07,52
TM-score,True,0.6597757816536669,1.0375318813048861e-07,0.5979756361631405,2.852569588839972e-06,0.4293413473914054,8.134774029311495e-06,52
