metric,orientation,pearson_coef,pearson_pvalue,spearman_coef,spearman_pvalue,kendall_coef,kendall_pvalue,n_models
Clash_Score,False,0.11362725038445133,0.4272420111229585,0.2069160638813913,0.14515449623294388,0.13627438791116953,0.15980917681271767,51
DI_all,False,0.706158628208413,7.09211952304002e-09,0.7241215483794781,1.909383019400009e-09,0.5496666553368031,1.299653359083328e-08,51
INF_all,True,0.7318639549407983,1.0504652555574426e-09,0.7936543931224641,3.75236465875506e-12,0.5807738845427405,2.1186817865429404e-09,51
INF_stacking,True,0.6469024938530457,2.913564487275099e-07,0.6807533383170812,3.874417109905775e-08,0.44155314221328185,5.537799737261419e-06,51
INF_wc,True,0.710305718429175,5.2845474971302254e-09,0.8353493485346717,2.4891800041787167e-14,0.6367919811645905,6.899465460342584e-11,51
mcq,False,0.4020150261763263,0.0034527807904212596,0.3977370462096605,0.003849030759412845,0.2707597321935557,0.005191085048838109,51
P-value,False,0.35153289690107264,0.011422091495366556,0.5973388712801866,3.701948480894584e-06,0.4317741037005208,1.203800372835468e-05,51
RMSD,False,0.6064981924327282,2.390291127064856e-06,0.6045343476187205,2.628352438207653e-06,0.4336215006400896,7.323885237052676e-06,51
TM-score,True,0.6072983854071885,2.299167281589377e-06,0.4431566533801347,0.0011268957076511143,0.3156708795473657,0.0011811331708761542,51
