metric,orientation,pearson_coef,pearson_pvalue,spearman_coef,spearman_pvalue,kendall_coef,kendall_pvalue,n_models
Clash_Score,False,0.03286325098177705,0.863125213401462,-0.19407969872958727,0.3041089021343362,-0.14087910095901485,0.27615548543239743,30
DI_all,False,0.6983109308271227,1.7798248154712878e-05,0.825139043381535,2.0288256872133563e-08,0.6735632183908047,1.0391221257473754e-08,30
INF_all,True,0.6303613082038922,0.00018876857650449184,0.6056291059836728,0.00039056240109553895,0.4556965042531693,0.0004107380930544776,30
INF_stacking,True,0.6624171799384144,6.669276710902476e-05,0.6946267703457114,2.055874821210806e-05,0.5201384341475568,5.513616250811477e-05,30
INF_wc,True,0.5455717734293062,0.0018196318319136243,0.21971147248584727,0.2433730234699385,0.15602072092770017,0.24041365601864773,30
mcq,False,0.6408953537910438,0.00013585664914332255,0.8352430800377324,9.42141605416387e-09,0.6306103139665069,1.012359554429325e-06,30
P-value,False,0.37467610092888826,0.041352949645922545,0.6256116660077756,0.00021809662120110483,0.5402108037769772,0.00023516416096585097,30
RMSD,False,0.7982777295826307,1.2559522594576454e-07,0.7695216907675194,6.692364865282536e-07,0.6091954022988506,4.269264778835581e-07,30
TM-score,True,0.8585088513373302,1.3008416861455312e-09,0.9635150166852057,1.4507498174358587e-17,0.8528735632183909,8.819684856438521e-16,30
