metric,orientation,pearson_coef,pearson_pvalue,spearman_coef,spearman_pvalue,kendall_coef,kendall_pvalue,n_models
Clash_Score,False,-0.11784925408563593,0.45730155953596063,-0.2683579265583843,0.08573266213622001,-0.1853158181108154,0.08475255640803817,42
DI_all,False,0.6033773806484231,2.340564777755843e-05,0.8761850741431003,2.975065067726606e-14,0.7305458768873403,9.314391465451603e-12,42
INF_all,True,0.6035632340605257,2.3234715788306524e-05,0.7193160229815223,8.008674695696955e-08,0.5538111982365553,2.476017986166072e-07,42
INF_stacking,True,0.6532999268501073,2.7304340171853335e-06,0.7541023465530967,8.117446675061617e-09,0.5764091618032856,7.630231925993191e-08,42
INF_wc,True,0.4886301080876852,0.0010261440916623835,0.54029198914946,0.00022128514777945932,0.4119214024130849,0.00017479992511932355,42
mcq,False,0.569228956761682,8.357790975987207e-05,0.8412479768303261,3.060041230263644e-12,0.6174422778816161,8.647284063633599e-09,42
P-value,False,0.247878200285427,0.11347430831783577,0.6257460304592543,9.361111976847237e-06,0.5190927712274234,2.2410519309455986e-05,42
RMSD,False,0.7324191118858869,3.5242034059192816e-08,0.8058504173081599,1.2102753333374407e-10,0.653890824622532,1.0511039398463282e-09,42
TM-score,True,0.8175650661141356,3.914169316829107e-11,0.9700972479179111,3.271238392884256e-26,0.8686052383758329,5.657189613406854e-16,42
