metric,orientation,pearson_coef,pearson_pvalue,spearman_coef,spearman_pvalue,kendall_coef,kendall_pvalue,n_models
Clash_Score,False,-0.11759303745384914,0.4582871822701591,-0.26916843071591484,0.08475464632916402,-0.18764683469082563,0.08090921427767589,42
DI_all,False,0.603741482492467,2.3071851449203708e-05,0.8760230127218216,3.0491810382121497e-14,0.7282229965156795,1.082801436857105e-11,42
INF_all,True,0.6037193707630837,2.3091997900044786e-05,0.7193160229815223,8.008674695696955e-08,0.5538111982365553,2.476017986166072e-07,42
INF_stacking,True,0.6533285054356135,2.7267710418842996e-06,0.7544264825284044,7.932225753822105e-09,0.5787333922944279,6.763732895691738e-08,42
INF_wc,True,0.4889136279704499,0.0010181961379423104,0.54029198914946,0.00022128514777945932,0.4119214024130849,0.00017479992511932355,42
mcq,False,0.5699684441989787,8.142622942766278e-05,0.8417342004948075,2.8916253801147473e-12,0.6197678608491552,7.604109726345094e-09,42
P-value,False,0.24818472973982394,0.1130142560576349,0.6257460304592543,9.361111976847237e-06,0.5190927712274234,2.2410519309455986e-05,42
RMSD,False,0.7326938707006512,3.46230463386488e-08,0.8056883558868811,1.2286643459738294e-10,0.6515679442508711,1.2035099489444651e-09,42
TM-score,True,0.8180123256593104,3.743128024134836e-11,0.9703403597501516,2.7846780792334275e-26,0.870930821343372,4.733118174016461e-16,42
