metric,orientation,pearson_coef,pearson_pvalue,spearman_coef,spearman_pvalue,kendall_coef,kendall_pvalue,n_models
Clash_Score,False,-0.3876900498680623,0.02348392931290315,-0.3395303780536609,0.049468316790128704,-0.22945654461640153,0.05924694972764287,34
DI_all,False,0.8651741910494283,4.0978084309814943e-11,0.8917596697752636,1.4878984270843163e-12,0.7168458781362007,2.946511165476141e-09,34
INF_all,True,0.8413806773428711,4.6115472885994947e-10,0.716874397633608,1.8477055638704008e-06,0.5480702748621548,5.994540187514197e-06,34
INF_stacking,True,0.8025776014169077,1.1358610689080327e-08,0.5911421885834738,0.00023199942651836293,0.42883509381387386,0.00040907615585796377,34
INF_wc,True,0.05962456932901961,0.7376538018752695,0.07615536116491713,0.6685993043015604,0.05569323991926412,0.653852693558898,34
mcq,False,0.7639162368202843,1.468679975847254e-07,0.67838850439036,1.0378912331661598e-05,0.5112109679306123,2.3490935002233045e-05,34
P-value,False,0.4361841318214368,0.009913449625051094,0.8331243096693423,9.753367361114585e-10,0.6861727210339009,1.3614983446856382e-07,34
RMSD,False,0.8606284648819662,6.731746368105574e-11,0.8483412322274881,2.371092241379215e-10,0.6594982078853048,4.767068904146452e-08,34
