metric,orientation,n_targets,total_models,avg_pearson_coef,std_pearson_coef,avg_pearson_pvalue,avg_spearman_coef,std_spearman_coef,avg_spearman_pvalue,avg_kendall_coef,std_kendall_coef,avg_kendall_pvalue,min_pearson,max_pearson,min_spearman,max_spearman,min_kendall,max_kendall
DI_all,False,63,4680,0.665505,0.222702,0.012003,0.755961,0.225462,0.011287,0.601663,0.194352,0.013209,-0.373088,0.944753,-0.453960,0.964350,-0.314945,0.843470
RMSD,False,63,4680,0.677580,0.250166,0.023368,0.695333,0.265983,0.021827,0.547688,0.220945,0.026848,-0.460703,0.962388,-0.531611,0.955207,-0.374934,0.839043
P-value,False,63,4680,0.374981,0.214416,0.072813,0.656118,0.230956,0.032355,0.521922,0.195530,0.036193,-0.196109,0.947622,-0.069853,0.954943,0.007576,0.838402
INF_all,True,63,4680,0.576520,0.272095,0.052055,0.613462,0.220367,0.045701,0.459486,0.179125,0.049112,-0.290661,0.956335,-0.053013,0.931880,-0.022324,0.775408
TM-score,True,61,4591,0.639431,0.282187,0.053962,0.590645,0.267775,0.073782,0.450719,0.218173,0.068627,-0.184122,0.982695,-0.239255,0.970097,-0.196228,0.868605
INF_stacking,True,63,4650,0.550956,0.274747,0.063194,0.559476,0.245699,0.040958,0.412346,0.190284,0.041531,-0.209233,0.959616,-0.228711,0.912275,-0.150561,0.742716
INF_wc,True,63,4584,0.547131,0.257281,0.058484,0.530663,0.299815,0.095952,0.408250,0.243462,0.100244,-0.358978,0.943489,-0.321308,0.935552,-0.236620,0.798341
mcq,False,63,4680,0.356128,0.274521,0.098296,0.383615,0.306052,0.126620,0.272210,0.219179,0.120225,-0.407954,0.840806,-0.424987,0.841248,-0.288599,0.617442
Clash_Score,False,63,4680,0.181042,0.361216,0.192181,0.108589,0.326301,0.166752,0.070026,0.229674,0.178230,-0.742332,0.815052,-0.532343,0.705028,-0.405830,0.559729
