metric,orientation,n_targets,total_models,avg_pearson_coef,std_pearson_coef,avg_pearson_pvalue,avg_spearman_coef,std_spearman_coef,avg_spearman_pvalue,avg_kendall_coef,std_kendall_coef,avg_kendall_pvalue,min_pearson,max_pearson,min_spearman,max_spearman,min_kendall,max_kendall
DI_all,False,58,4459,0.670433,0.212564,0.005233,0.766088,0.223592,0.007488,0.610702,0.192211,0.008722,-0.373088,0.931237,-0.453960,0.964350,-0.314945,0.843470
RMSD,False,58,4459,0.676134,0.246423,0.018707,0.696566,0.268960,0.019612,0.548029,0.222432,0.024296,-0.460703,0.910485,-0.531611,0.955207,-0.374934,0.839043
P-value,False,58,4459,0.371903,0.205242,0.067640,0.659555,0.224495,0.023415,0.524183,0.191100,0.027534,-0.196109,0.825858,-0.069853,0.954943,0.007576,0.838402
INF_all,True,58,4459,0.594449,0.268249,0.043572,0.634847,0.212592,0.040404,0.476695,0.171586,0.042383,-0.290661,0.956335,-0.053013,0.931880,-0.022324,0.775408
TM-score,True,56,4370,0.667150,0.265130,0.049093,0.610774,0.268156,0.066599,0.467953,0.218963,0.062209,-0.180848,0.982695,-0.239255,0.970097,-0.196228,0.868605
INF_stacking,True,51,3886,0.580131,0.247249,0.042412,0.589893,0.217541,0.024961,0.431433,0.170094,0.024772,-0.207276,0.959616,-0.228711,0.892069,-0.150561,0.709528
INF_wc,True,39,2290,0.534015,0.281297,0.079862,0.506134,0.299124,0.120330,0.386578,0.238211,0.127787,-0.358978,0.943489,-0.321308,0.881450,-0.236620,0.710185
mcq,False,58,4459,0.371941,0.260068,0.061720,0.406927,0.295339,0.098644,0.289124,0.207290,0.100342,-0.407954,0.820150,-0.424987,0.841248,-0.288599,0.617442
Clash_Score,False,58,4459,0.194819,0.362034,0.190270,0.117778,0.321727,0.160897,0.077034,0.225741,0.173430,-0.742332,0.815052,-0.532343,0.705028,-0.405830,0.559729
