case_id,model_name,best_solution_name,best_INF_all,INF_WC,INF_nWC
PZ1,1_bujnicki_1.pdb,1_santalucia_1_solution.pdb,0.8825740252717905,0.9759000729485332,-1
PZ1,1_bujnicki_2.pdb,1_santalucia_1_solution.pdb,0.7699341496827993,0.85,-1
PZ1,1_bujnicki_3.pdb,1_santalucia_1_solution.pdb,0.8099450160114257,0.9,-1
PZ1,1_bujnicki_4.pdb,1_santalucia_1_solution.pdb,0.7186052063706126,0.6507913734559685,-1
PZ1,1_bujnicki_5.pdb,1_santalucia_1_solution.pdb,0.7812429066512785,0.7768985960673559,-1
PZ1,1_chen_1.pdb,1_santalucia_1_solution.pdb,0.8212630929949859,0.872081599272381,-1
PZ1,1_das_1.pdb,1_santalucia_1_solution.pdb,0.9182000516742599,0.9534625892455924,-1
PZ1,1_das_2.pdb,1_santalucia_1_solution.pdb,0.8759628907969446,0.9,-1
PZ1,1_das_3.pdb,1_santalucia_1_solution.pdb,0.933503385868831,0.9534625892455924,-1
PZ1,1_das_4.pdb,1_santalucia_1_solution.pdb,0.9072472797539782,0.9057894597833127,-1
PZ1,1_das_5.pdb,1_santalucia_1_solution.pdb,0.8510535243692265,0.8783100656536799,-1
PZ1,1_dokholyan_1.pdb,1_santalucia_1_solution.pdb,0.8114310003052224,0.8581163303210332,-1
PZ1,1_major_1.pdb,1_santalucia_1_solution.pdb,0.8725920363071725,0.9486832980505138,-1
PZ1,1_santalucia_1_refined.pdb,1_santalucia_1_solution.pdb,0.717149971964479,0.8,-1
