case_id,model_name,target_name,INF_all,INF_WC,INF_nWC
PZ2,2_bujnicki_1_refined.pdb,2_bujnicki_1_solution.pdb,0.8938403108235458,0.9607689228305228,-1
PZ2,2_bujnicki_2_refined.pdb,2_bujnicki_2_solution.pdb,0.8197996270866611,0.9192547197409877,0
PZ2,2_bujnicki_3_refined.pdb,2_bujnicki_3_solution.pdb,0.8160596576335588,0.9192547197409877,0
PZ2,2_chen_1_refined.pdb,2_chen_1_solution.pdb,0.7602510449687964,0.9041944301794651,-1
PZ2,2_das_1_refined.pdb,2_das_1_solution.pdb,0.8987569054840577,0.9607689228305228,0
PZ2,2_das_2_refined.pdb,2_das_2_solution.pdb,0.860247122405616,0.9733285267845752,0
PZ2,2_das_3_refined.pdb,2_das_3_solution.pdb,0.8640372124218081,0.9733285267845752,0
PZ2,2_das_4_refined.pdb,2_das_4_solution.pdb,0.8648349902955826,0.9733285267845752,0
PZ2,2_das_5_refined.pdb,2_das_5_solution.pdb,0.8661986608440464,0.9589940926145842,0
PZ2,2_dokholyan_1_refined.pdb,2_dokholyan_1_solution.pdb,0.8273951558890617,0.9041944301794651,0
PZ2,2_major_1_refined.pdb,2_major_1_solution.pdb,0.2837521769195829,-1,-1
PZ2,2_santalucia_1_refined.pdb,2_santalucia_1_solution.pdb,0.8461995912501767,0.9223309842157773,-1
PZ2,2_wildauer_1_refined.pdb,2_wildauer_1_solution.pdb,0.79017987601128,0.8888888888888888,0
