case_id,model_name,target_name,INF_all,INF_WC,INF_nWC
PZ3,3_bujnicki_1_refined.pdb,3_bujnicki_1_solution.pdb,0.7106690545187014,0.8339078479367937,0
PZ3,3_bujnicki_2_refined.pdb,3_bujnicki_2_solution.pdb,0.659906979195937,0.8339078479367937,0
PZ3,3_chen_1_refined.pdb,3_chen_1_solution.pdb,0.7364380994766491,0.8573214099741123,0
PZ3,3_das_1_refined.pdb,3_das_1_solution.pdb,0.7317091157615132,0.8642416214502247,0.5
PZ3,3_das_2_refined.pdb,3_das_2_solution.pdb,0.7347382417838769,0.8807048459279792,0.4330127018922193
PZ3,3_das_3_refined.pdb,3_das_3_solution.pdb,0.7254233709051519,0.8807048459279792,0.4330127018922193
PZ3,3_das_4_refined.pdb,3_das_4_solution.pdb,0.7254233709051519,0.8642416214502247,0.4330127018922193
PZ3,3_das_5_refined.pdb,3_das_5_solution.pdb,0.7286837170895121,0.8981462390204986,0.408248290463863
PZ3,3_dokholyan_1_refined.pdb,3_dokholyan_1_solution.pdb,0.7091389668511002,0.9166666666666666,0
PZ3,3_dokholyan_2_refined.pdb,3_dokholyan_2_solution.pdb,0.7137289109939083,0.8573214099741123,0
PZ3,3_major_1_refined.pdb,3_major_1_solution.pdb,0.5365548960382199,0.4107919181288746,0
PZ3,3_major_2_refined.pdb,3_major_2_solution.pdb,0.5865884600854131,0.6805446536716203,0
